{
  "artifact_profile": "diagnostic",
  "assessment_status": "quick_check_unverified",
  "by_direction": {
    "long": {
      "cost": 0.22247999999999954,
      "count": 618,
      "funding": 0.0026185350000000004,
      "gross": 1.377281081146969,
      "net": 1.1574196161469688
    }
  },
  "by_exit_reason": {
    "max_hold": {
      "cost": 0.22247999999999954,
      "count": 618,
      "funding": 0.0026185350000000004,
      "gross": 1.377281081146969,
      "net": 1.1574196161469688
    }
  },
  "by_symbol": {
    "ADA-PERP": {
      "cost": 0.12203999999999976,
      "count": 339,
      "funding": 0.003065088000000001,
      "gross": 0.6827642654236176,
      "net": 0.5637893534236165
    },
    "DOGE-PERP": {
      "cost": 0.047879999999999916,
      "count": 133,
      "funding": -0.0002969160000000001,
      "gross": 0.40971554747357186,
      "net": 0.3615386314735719
    },
    "ETH-PERP": {
      "cost": 0.007200000000000001,
      "count": 20,
      "funding": -0.000227373,
      "gross": 0.03534731307768601,
      "net": 0.027919940077686008
    },
    "LINK-PERP": {
      "cost": 0.04535999999999992,
      "count": 126,
      "funding": 7.773599999999937e-05,
      "gross": 0.2494539551720941,
      "net": 0.2041716911720941
    }
  },
  "concentration": {
    "top_5_losers_net": -0.11996206541743082,
    "top_5_winners_net": 0.19552617112396597,
    "top_loser_net": -0.027813878135211658,
    "top_winner_net": 0.042056589991081014
  },
  "cost_funding_breakdown": {
    "cost": 0.22248,
    "cost_fraction_of_abs_gross": 0.16153565386574803,
    "funding": 0.002618535,
    "gross": 1.377281081146969,
    "net": 1.157419616146969
  },
  "economic_slices": {
    "basis": "engine_trade_ledger",
    "by_direction": {
      "long": {
        "average_loss_net": -0.005101473271820263,
        "average_trade_net": 0.00187284727531872,
        "average_win_net": 0.007005633745404151,
        "count": 618,
        "flat_trade_count": 0,
        "hit_rate": 0.5760517799352751,
        "losing_trade_count": 262,
        "net_sum": 1.157419616146969,
        "winning_trade_count": 356
      }
    },
    "by_exit_reason": {
      "max_hold": {
        "average_loss_net": -0.005101473271820263,
        "average_trade_net": 0.00187284727531872,
        "average_win_net": 0.007005633745404151,
        "count": 618,
        "flat_trade_count": 0,
        "hit_rate": 0.5760517799352751,
        "losing_trade_count": 262,
        "net_sum": 1.157419616146969,
        "winning_trade_count": 356
      }
    },
    "by_symbol": {
      "ADA-PERP": {
        "average_loss_net": -0.0049131120259423445,
        "average_trade_net": 0.0016630954378277778,
        "average_win_net": 0.007611238143822102,
        "count": 339,
        "flat_trade_count": 0,
        "hit_rate": 0.5250737463126843,
        "losing_trade_count": 161,
        "net_sum": 0.5637893534236167,
        "winning_trade_count": 178
      },
      "DOGE-PERP": {
        "average_loss_net": -0.004898042794618703,
        "average_trade_net": 0.0027183355749892633,
        "average_win_net": 0.006483736117267359,
        "count": 133,
        "flat_trade_count": 0,
        "hit_rate": 0.6691729323308271,
        "losing_trade_count": 44,
        "net_sum": 0.361538631473572,
        "winning_trade_count": 89
      },
      "ETH-PERP": {
        "average_loss_net": -0.003820910718947935,
        "average_trade_net": 0.0013959970038843006,
        "average_win_net": 0.011084539917715594,
        "count": 20,
        "flat_trade_count": 0,
        "hit_rate": 0.35,
        "losing_trade_count": 13,
        "net_sum": 0.02791994007768601,
        "winning_trade_count": 7
      },
      "LINK-PERP": {
        "average_loss_net": -0.0063724826984237586,
        "average_trade_net": 0.0016204102473975732,
        "average_win_net": 0.005909279632960239,
        "count": 126,
        "flat_trade_count": 0,
        "hit_rate": 0.6507936507936508,
        "losing_trade_count": 44,
        "net_sum": 0.20417169117209422,
        "winning_trade_count": 82
      }
    },
    "schema_version": "quant_strategies.runner.economic_slices/v1",
    "win_loss_distribution": {
      "largest_loss_net": -0.027813878135211658,
      "largest_win_net": 0.042056589991081014,
      "median_trade_net": 0.001030900653130286,
      "sum_negative_net": -1.336585997216909,
      "sum_positive_net": 2.494005613363878
    }
  },
  "evidence_quality": {
    "availability_coverage": {
      "field": "available_at",
      "fraction": 1.0,
      "present": 2203108,
      "total": 2203108
    },
    "candidate_probe_count": null,
    "causality_check": "off",
    "causality_verified": false,
    "data_availability_status": "complete",
    "deterministic_replay_verified": false,
    "elapsed_seconds": null,
    "emitted_replay_verified": false,
    "evidence_quality_warnings": [
      "causality_replay_skipped",
      "runner_causality_not_verified"
    ],
    "replay_scope": "off",
    "replay_warning": null,
    "row_contract": {
      "data_kind": "crypto_perp_funding",
      "duplicate_key_count": 0,
      "funding_event_missing_fields": {},
      "issue_count": 0,
      "issue_reasons": {},
      "issue_sample_count": 0,
      "issues": [],
      "issues_truncated": false,
      "missing_required_fields": {},
      "quant_data_feedback": [],
      "required_fields": [
        "symbol",
        "timestamp",
        "open",
        "high",
        "low",
        "close",
        "has_funding_event",
        "available_at"
      ],
      "status": "passed",
      "timestamp_status": "aware"
    },
    "selected_probe_count": null,
    "skipped_probe_count": 0,
    "skipped_probe_reasons": [],
    "strict_no_emission_verified": false,
    "strict_probe_count": null,
    "strict_probe_limit": null,
    "strict_replay_capped": false,
    "timed_out": false,
    "timeout_seconds": null
  },
  "holding_period": {
    "average_seconds": 28800.0,
    "count": 618,
    "max_seconds": 28800.0,
    "median_seconds": 28800.0,
    "min_seconds": 28800.0
  },
  "quick_checks": true,
  "replayable_from_artifacts": false,
  "sample_trades": {
    "largest_losers": [
      {
        "cost_return": 0.00036,
        "decision_id": "crypto_perp_funding_crowding_reversal_stateful_rebalance:2c9d57f7a0c23424",
        "decision_time": "2025-03-10T11:41:00Z",
        "entry_time": "2025-03-10T11:42:00Z",
        "exit_reason": "max_hold",
        "exit_time": "2025-03-10T19:42:00Z",
        "funding_return": 6.983700000000002e-05,
        "gross_return": -0.02752371513521166,
        "net_return": -0.027813878135211658,
        "side": "long",
        "symbol": "LINK-PERP",
        "weight": 0.30000000000000004
      },
      {
        "cost_return": 0.00036,
        "decision_id": "crypto_perp_funding_crowding_reversal_stateful_rebalance:64fb3db4024069ac",
        "decision_time": "2025-03-10T13:21:00Z",
        "entry_time": "2025-03-10T13:22:00Z",
        "exit_reason": "max_hold",
        "exit_time": "2025-03-10T21:22:00Z",
        "funding_return": 6.983700000000002e-05,
        "gross_return": -0.02466843501326261,
        "net_return": -0.02495859801326261,
        "side": "long",
        "symbol": "LINK-PERP",
        "weight": 0.30000000000000004
      },
      {
        "cost_return": 0.00036,
        "decision_id": "crypto_perp_funding_crowding_reversal_stateful_rebalance:8016dfdfc3a1a9d7",
        "decision_time": "2025-03-10T11:41:00Z",
        "entry_time": "2025-03-10T11:42:00Z",
        "exit_reason": "max_hold",
        "exit_time": "2025-03-10T19:42:00Z",
        "funding_return": 2.9949000000000004e-05,
        "gross_return": -0.024210385438972176,
        "net_return": -0.024540436438972173,
        "side": "long",
        "symbol": "ADA-PERP",
        "weight": 0.30000000000000004
      },
      {
        "cost_return": 0.00036,
        "decision_id": "crypto_perp_funding_crowding_reversal_stateful_rebalance:2078bb1f4b4e54e3",