{
  "artifact_profile": "diagnostic",
  "assessment_status": "quick_check_unverified",
  "by_direction": {
    "long": {
      "cost": 0.2212799999999968,
      "count": 922,
      "funding": 0.00229117399999999,
      "gross": 1.1758111220729228,
      "net": 0.9568222960729222
    }
  },
  "by_exit_reason": {
    "max_hold": {
      "cost": 0.2212799999999968,
      "count": 922,
      "funding": 0.00229117399999999,
      "gross": 1.1758111220729228,
      "net": 0.9568222960729222
    }
  },
  "by_symbol": {
    "ADA-PERP": {
      "cost": 0.10656000000000043,
      "count": 444,
      "funding": 0.003997847999999999,
      "gross": 0.3449344596938345,
      "net": 0.24237230769383386
    },
    "BTC-PERP": {
      "cost": 0.02232000000000003,
      "count": 93,
      "funding": 0.00014176599999999985,
      "gross": -0.004686098544092773,
      "net": -0.026864332544092796
    },
    "DOGE-PERP": {
      "cost": 0.043679999999999906,
      "count": 182,
      "funding": -0.00034893,
      "gross": 0.45420159390246145,
      "net": 0.41017266390246154
    },
    "ETH-PERP": {
      "cost": 0.006959999999999995,
      "count": 29,
      "funding": -0.00041883400000000004,
      "gross": 0.04565908897745845,
      "net": 0.03828025497745846
    },
    "LINK-PERP": {
      "cost": 0.04175999999999993,
      "count": 174,
      "funding": -0.0010806759999999998,
      "gross": 0.3357020780432614,
      "net": 0.29286140204326133
    }
  },
  "concentration": {
    "top_5_losers_net": -0.09336480123529213,
    "top_5_winners_net": 0.13303409609519704,
    "top_loser_net": -0.02034338792075797,
    "top_winner_net": 0.028646698922916155
  },
  "cost_funding_breakdown": {
    "cost": 0.22127999999999998,
    "cost_fraction_of_abs_gross": 0.18819349115348516,
    "funding": 0.002291174,
    "gross": 1.1758111220729224,
    "net": 0.9568222960729224
  },
  "economic_slices": {
    "basis": "engine_trade_ledger",
    "by_direction": {
      "long": {
        "average_loss_net": -0.0040049662008920656,
        "average_trade_net": 0.0010377682169988311,
        "average_win_net": 0.00497071166261258,
        "count": 922,
        "flat_trade_count": 0,
        "hit_rate": 0.561822125813449,
        "losing_trade_count": 404,
        "net_sum": 0.9568222960729224,
        "winning_trade_count": 518
      }
    },
    "by_exit_reason": {
      "max_hold": {
        "average_loss_net": -0.0040049662008920656,
        "average_trade_net": 0.0010377682169988311,
        "average_win_net": 0.00497071166261258,
        "count": 922,
        "flat_trade_count": 0,
        "hit_rate": 0.561822125813449,
        "losing_trade_count": 404,
        "net_sum": 0.9568222960729224,
        "winning_trade_count": 518
      }
    },
    "by_symbol": {
      "ADA-PERP": {
        "average_loss_net": -0.004592990475635508,
        "average_trade_net": 0.0005458835758870135,
        "average_win_net": 0.004835356957736392,
        "count": 444,
        "flat_trade_count": 0,
        "hit_rate": 0.545045045045045,
        "losing_trade_count": 202,
        "net_sum": 0.242372307693834,
        "winning_trade_count": 242
      },
      "BTC-PERP": {
        "average_loss_net": -0.0023679627691277354,
        "average_trade_net": -0.00028886379079669645,
        "average_win_net": 0.0031565002304375965,
        "count": 93,
        "flat_trade_count": 0,
        "hit_rate": 0.3763440860215054,
        "losing_trade_count": 58,
        "net_sum": -0.02686433254409277,
        "winning_trade_count": 35
      },
      "DOGE-PERP": {
        "average_loss_net": -0.003927958600656581,
        "average_trade_net": 0.00225369595550803,
        "average_win_net": 0.005072530433119093,
        "count": 182,
        "flat_trade_count": 0,
        "hit_rate": 0.6868131868131868,
        "losing_trade_count": 57,
        "net_sum": 0.41017266390246143,
        "winning_trade_count": 125
      },
      "ETH-PERP": {
        "average_loss_net": -0.004094261724767508,
        "average_trade_net": 0.0013200087923261532,
        "average_win_net": 0.011607122774804109,
        "count": 29,
        "flat_trade_count": 0,
        "hit_rate": 0.3448275862068966,
        "losing_trade_count": 19,
        "net_sum": 0.03828025497745844,
        "winning_trade_count": 10
      },
      "LINK-PERP": {
        "average_loss_net": -0.003694056109773608,
        "average_trade_net": 0.0016831115059957546,
        "average_win_net": 0.0051326152595081755,
        "count": 174,
        "flat_trade_count": 0,
        "hit_rate": 0.6091954022988506,
        "losing_trade_count": 68,
        "net_sum": 0.2928614020432613,
        "winning_trade_count": 106
      }
    },
    "schema_version": "quant_strategies.runner.economic_slices/v1",
    "win_loss_distribution": {
      "largest_loss_net": -0.02034338792075797,
      "largest_win_net": 0.028646698922916155,
      "median_trade_net": 0.0006237631296097982,
      "sum_negative_net": -1.6180063451603945,
      "sum_positive_net": 2.574828641233317
    }
  },
  "evidence_quality": {
    "availability_coverage": {
      "field": "available_at",
      "fraction": 1.0,
      "present": 2203108,
      "total": 2203108
    },
    "causality_check": "off",
    "causality_verified": false,
    "data_availability_status": "complete",
    "deterministic_replay_verified": false,
    "emitted_replay_verified": false,
    "evidence_quality_warnings": [
      "causality_replay_skipped",
      "runner_causality_not_verified"
    ],
    "row_contract": {
      "data_kind": "crypto_perp_funding",
      "duplicate_key_count": 0,
      "funding_event_missing_fields": {},
      "issue_count": 0,
      "issue_reasons": {},
      "issue_sample_count": 0,
      "issues": [],
      "issues_truncated": false,
      "missing_required_fields": {},
      "quant_data_feedback": [],
      "required_fields": [
        "symbol",
        "timestamp",
        "open",
        "high",
        "low",
        "close",
        "has_funding_event",
        "available_at"
      ],
      "status": "passed",
      "timestamp_status": "aware"
    },
    "skipped_probe_count": 0,
    "skipped_probe_reasons": [],
    "strict_no_emission_verified": false,
    "strict_probe_count": null,
    "strict_probe_limit": null,
    "strict_replay_capped": false
  },
  "holding_period": {
    "average_seconds": 43200.0,
    "count": 922,
    "max_seconds": 43200.0,
    "median_seconds": 43200.0,
    "min_seconds": 43200.0
  },
  "quick_checks": true,
  "replayable_from_artifacts": false,
  "sample_trades": {
    "largest_losers": [
      {
        "cost_return": 0.00023999999999999998,
        "decision_id": "crypto_perp_funding_crowding_reversal_stateful_rebalance:33ed0db1e0e41290",
        "decision_time": "2025-03-06T13:01:00Z",
        "entry_time": "2025-03-06T13:02:00Z",
        "exit_reason": "max_hold",
        "exit_time": "2025-03-07T01:02:00Z",
        "funding_return": 7.3184e-05,
        "gross_return": -0.02017657192075797,
        "net_return": -0.02034338792075797,
        "side": "long",
        "symbol": "ADA-PERP",
        "weight": 0.2
      },
      {
        "cost_return": 0.00023999999999999998,
        "decision_id": "crypto_perp_funding_crowding_reversal_stateful_rebalance:7523e382f6aec5c0",
        "decision_time": "2025-03-09T10:01:00Z",
        "entry_time": "2025-03-09T10:02:00Z",
        "exit_reason": "max_hold",
        "exit_time": "2025-03-09T22:02:00Z",
        "funding_return": -8.96e-06,
        "gross_return": -0.019357258972114523,
        "net_return": -0.019606218972114522,
        "side": "long",
        "symbol": "ADA-PERP",
        "weight": 0.2
      },
      {
        "cost_return": 0.00023999999999999998,
        "decision_id": "crypto_perp_funding_crowding_reversal_stateful_rebalance:da8039fa27bf94fd",
        "decision_time": "2025-03-10T08:01:00Z",
        "entry_time": "2025-03-10T08:02:00Z",
        "exit_reason": "max_hold",