{
  "artifact_profile": "diagnostic",
  "assessment_status": "quick_check_unverified",
  "by_direction": {
    "long": {
      "cost": 0.2397599999999995,
      "count": 666,
      "funding": 0.0027716189999999995,
      "gross": 1.457781316482173,
      "net": 1.2207929354821723
    }
  },
  "by_exit_reason": {
    "max_hold": {
      "cost": 0.2397599999999995,
      "count": 666,
      "funding": 0.0027716189999999995,
      "gross": 1.457781316482173,
      "net": 1.2207929354821723
    }
  },
  "by_symbol": {
    "ADA-PERP": {
      "cost": 0.12851999999999975,
      "count": 357,
      "funding": 0.0032481660000000007,
      "gross": 0.6112799098286902,
      "net": 0.48600807582868943
    },
    "DOGE-PERP": {
      "cost": 0.052199999999999906,
      "count": 145,
      "funding": -0.00017743800000000017,
      "gross": 0.4543982716128768,
      "net": 0.40202083361287705
    },
    "ETH-PERP": {
      "cost": 0.009359999999999997,
      "count": 26,
      "funding": -0.000225507,
      "gross": 0.10416835237258353,
      "net": 0.09458284537258355
    },
    "LINK-PERP": {
      "cost": 0.04967999999999991,
      "count": 138,
      "funding": -7.36020000000007e-05,
      "gross": 0.2879347826680228,
      "net": 0.23818118066802255
    }
  },
  "concentration": {
    "top_5_losers_net": -0.12701666072973433,
    "top_5_winners_net": 0.20195102790141853,
    "top_loser_net": -0.027813878135211658,
    "top_winner_net": 0.042056589991081014
  },
  "cost_funding_breakdown": {
    "cost": 0.23976000000000003,
    "cost_fraction_of_abs_gross": 0.16446911295212233,
    "funding": 0.002771619,
    "gross": 1.4577813164821727,
    "net": 1.2207929354821727
  },
  "economic_slices": {
    "basis": "engine_trade_ledger",
    "by_direction": {
      "long": {
        "average_loss_net": -0.0052105783415100785,
        "average_trade_net": 0.001833022425648908,
        "average_win_net": 0.007134258792510671,
        "count": 666,
        "flat_trade_count": 0,
        "hit_rate": 0.5705705705705706,
        "losing_trade_count": 286,
        "net_sum": 1.2207929354821727,
        "winning_trade_count": 380
      }
    },
    "by_exit_reason": {
      "max_hold": {
        "average_loss_net": -0.0052105783415100785,
        "average_trade_net": 0.001833022425648908,
        "average_win_net": 0.007134258792510671,
        "count": 666,
        "flat_trade_count": 0,
        "hit_rate": 0.5705705705705706,
        "losing_trade_count": 286,
        "net_sum": 1.2207929354821727,
        "winning_trade_count": 380
      }
    },
    "by_symbol": {
      "ADA-PERP": {
        "average_loss_net": -0.005189523608150571,
        "average_trade_net": 0.0013613671591840046,
        "average_win_net": 0.007590082970748027,
        "count": 357,
        "flat_trade_count": 0,
        "hit_rate": 0.5126050420168067,
        "losing_trade_count": 174,
        "net_sum": 0.4860080758286896,
        "winning_trade_count": 183
      },
      "DOGE-PERP": {
        "average_loss_net": -0.004875382603280744,
        "average_trade_net": 0.002772557473192255,
        "average_win_net": 0.006440447101704816,
        "count": 145,
        "flat_trade_count": 0,
        "hit_rate": 0.6758620689655173,
        "losing_trade_count": 47,
        "net_sum": 0.402020833612877,
        "winning_trade_count": 98
      },
      "ETH-PERP": {
        "average_loss_net": -0.00394682541733788,
        "average_trade_net": 0.003637801745099369,
        "average_win_net": 0.015773205204998968,
        "count": 26,
        "flat_trade_count": 0,
        "hit_rate": 0.38461538461538464,
        "losing_trade_count": 16,
        "net_sum": 0.09458284537258359,
        "winning_trade_count": 10
      },
      "LINK-PERP": {
        "average_loss_net": -0.006019512424940448,
        "average_trade_net": 0.0017259505845508881,
        "average_win_net": 0.0059903066234843205,
        "count": 138,
        "flat_trade_count": 0,
        "hit_rate": 0.644927536231884,
        "losing_trade_count": 49,
        "net_sum": 0.23818118066802257,
        "winning_trade_count": 89
      }
    },
    "schema_version": "quant_strategies.runner.economic_slices/v1",
    "win_loss_distribution": {
      "largest_loss_net": -0.027813878135211658,
      "largest_win_net": 0.042056589991081014,
      "median_trade_net": 0.0010049791737711145,
      "sum_negative_net": -1.4902254056718824,
      "sum_positive_net": 2.711018341154055
    }
  },
  "evidence_quality": {
    "availability_coverage": {
      "field": "available_at",
      "fraction": 1.0,
      "present": 2203108,
      "total": 2203108
    },
    "causality_check": "off",
    "causality_verified": false,
    "data_availability_status": "complete",
    "deterministic_replay_verified": false,
    "emitted_replay_verified": false,
    "evidence_quality_warnings": [
      "causality_replay_skipped",
      "runner_causality_not_verified"
    ],
    "row_contract": {
      "data_kind": "crypto_perp_funding",
      "duplicate_key_count": 0,
      "funding_event_missing_fields": {},
      "issue_count": 0,
      "issue_reasons": {},
      "issue_sample_count": 0,
      "issues": [],
      "issues_truncated": false,
      "missing_required_fields": {},
      "quant_data_feedback": [],
      "required_fields": [
        "symbol",
        "timestamp",
        "open",
        "high",
        "low",
        "close",
        "has_funding_event",
        "available_at"
      ],
      "status": "passed",
      "timestamp_status": "aware"
    },
    "skipped_probe_count": 0,
    "skipped_probe_reasons": [],
    "strict_no_emission_verified": false,
    "strict_probe_count": null,
    "strict_probe_limit": null,
    "strict_replay_capped": false
  },
  "holding_period": {
    "average_seconds": 28800.0,
    "count": 666,
    "max_seconds": 28800.0,
    "median_seconds": 28800.0,
    "min_seconds": 28800.0
  },
  "quick_checks": true,
  "replayable_from_artifacts": false,
  "sample_trades": {
    "largest_losers": [
      {
        "cost_return": 0.00036,
        "decision_id": "crypto_perp_funding_crowding_reversal_stateful_rebalance:2c9d57f7a0c23424",
        "decision_time": "2025-03-10T11:41:00Z",
        "entry_time": "2025-03-10T11:42:00Z",
        "exit_reason": "max_hold",
        "exit_time": "2025-03-10T19:42:00Z",
        "funding_return": 6.983700000000002e-05,
        "gross_return": -0.02752371513521166,
        "net_return": -0.027813878135211658,
        "side": "long",
        "symbol": "LINK-PERP",
        "weight": 0.30000000000000004
      },
      {
        "cost_return": 0.00036,
        "decision_id": "crypto_perp_funding_crowding_reversal_stateful_rebalance:d18fa83139d421fc",
        "decision_time": "2025-03-09T10:01:00Z",
        "entry_time": "2025-03-09T10:02:00Z",
        "exit_reason": "max_hold",
        "exit_time": "2025-03-09T18:02:00Z",
        "funding_return": -1.3440000000000002e-05,
        "gross_return": -0.026785044391646883,
        "net_return": -0.02715848439164688,
        "side": "long",
        "symbol": "ADA-PERP",
        "weight": 0.30000000000000004
      },
      {
        "cost_return": 0.00036,
        "decision_id": "crypto_perp_funding_crowding_reversal_stateful_rebalance:64fb3db4024069ac",
        "decision_time": "2025-03-10T13:21:00Z",
        "entry_time": "2025-03-10T13:22:00Z",
        "exit_reason": "max_hold",
        "exit_time": "2025-03-10T21:22:00Z",
        "funding_return": 6.983700000000002e-05,
        "gross_return": -0.02466843501326261,
        "net_return": -0.02495859801326261,
        "side": "long",
        "symbol": "LINK-PERP",
        "weight": 0.30000000000000004
      },
      {
        "cost_return": 0.00036,
        "decision_id": "crypto_perp_funding_crowding_reversal_stateful_rebalance:8016dfdfc3a1a9d7",
        "decision_time": "2025-03-10T11:41:00Z",
        "entry_time": "2025-03-10T11:42:00Z",
        "exit_reason": "max_hold",
        "exit_time": "2025-03-10T19:42:00Z",