{
  "artifact_profile": "diagnostic",
  "assessment_status": "quick_check_unverified",
  "by_direction": {
    "long": {
      "cost": 0.2001599999999996,
      "count": 556,
      "funding": 0.0013235700000000024,
      "gross": 1.496972965423724,
      "net": 1.2981365354237229
    }
  },
  "by_exit_reason": {
    "max_hold": {
      "cost": 0.2001599999999996,
      "count": 556,
      "funding": 0.0013235700000000024,
      "gross": 1.496972965423724,
      "net": 1.2981365354237229
    }
  },
  "by_symbol": {
    "ADA-PERP": {
      "cost": 0.09971999999999981,
      "count": 277,
      "funding": 0.002680979999999999,
      "gross": 0.6735078018649294,
      "net": 0.5764687818649287
    },
    "DOGE-PERP": {
      "cost": 0.047879999999999916,
      "count": 133,
      "funding": -0.0006410700000000007,
      "gross": 0.5782379167908431,
      "net": 0.5297168467908431
    },
    "ETH-PERP": {
      "cost": 0.007200000000000001,
      "count": 20,
      "funding": -0.00045898200000000014,
      "gross": 0.001899555216915488,
      "net": -0.005759426783084491
    },
    "LINK-PERP": {
      "cost": 0.04535999999999992,
      "count": 126,
      "funding": -0.0002573580000000002,
      "gross": 0.2433276915510364,
      "net": 0.19771033355103643
    }
  },
  "concentration": {
    "top_5_losers_net": -0.14844227129601234,
    "top_5_winners_net": 0.19955668277019528,
    "top_loser_net": -0.03963870880149115,
    "top_winner_net": 0.042056589991081014
  },
  "cost_funding_breakdown": {
    "cost": 0.20016,
    "cost_fraction_of_abs_gross": 0.13370982951809285,
    "funding": 0.0013235699999999998,
    "gross": 1.4969729654237238,
    "net": 1.298136535423724
  },
  "economic_slices": {
    "basis": "engine_trade_ledger",
    "by_direction": {
      "long": {
        "average_loss_net": -0.005488207231822186,
        "average_trade_net": 0.0023347779414095754,
        "average_win_net": 0.007692337484289509,
        "count": 556,
        "flat_trade_count": 0,
        "hit_rate": 0.5935251798561151,
        "losing_trade_count": 226,
        "net_sum": 1.298136535423724,
        "winning_trade_count": 330
      }
    },
    "by_exit_reason": {
      "max_hold": {
        "average_loss_net": -0.005488207231822186,
        "average_trade_net": 0.0023347779414095754,
        "average_win_net": 0.007692337484289509,
        "count": 556,
        "flat_trade_count": 0,
        "hit_rate": 0.5935251798561151,
        "losing_trade_count": 226,
        "net_sum": 1.298136535423724,
        "winning_trade_count": 330
      }
    },
    "by_symbol": {
      "ADA-PERP": {
        "average_loss_net": -0.004930035254657861,
        "average_trade_net": 0.0020811147359744726,
        "average_win_net": 0.007846863083533958,
        "count": 277,
        "flat_trade_count": 0,
        "hit_rate": 0.5487364620938628,
        "losing_trade_count": 125,
        "net_sum": 0.5764687818649289,
        "winning_trade_count": 152
      },
      "DOGE-PERP": {
        "average_loss_net": -0.005125783286896828,
        "average_trade_net": 0.003982833434517619,
        "average_win_net": 0.007493446129229437,
        "count": 133,
        "flat_trade_count": 0,
        "hit_rate": 0.7218045112781954,
        "losing_trade_count": 37,
        "net_sum": 0.5297168467908433,
        "winning_trade_count": 96
      },
      "ETH-PERP": {
        "average_loss_net": -0.006271690956230039,
        "average_trade_net": -0.00028797133915422525,
        "average_win_net": 0.013674041100689338,
        "count": 20,
        "flat_trade_count": 0,
        "hit_rate": 0.3,
        "losing_trade_count": 14,
        "net_sum": -0.005759426783084505,
        "winning_trade_count": 6
      },
      "LINK-PERP": {
        "average_loss_net": -0.006932455451143563,
        "average_trade_net": 0.0015691296313574314,
        "average_win_net": 0.0071622777119501905,
        "count": 126,
        "flat_trade_count": 0,
        "hit_rate": 0.6031746031746031,
        "losing_trade_count": 50,
        "net_sum": 0.19771033355103637,
        "winning_trade_count": 76
      }
    },
    "schema_version": "quant_strategies.runner.economic_slices/v1",
    "win_loss_distribution": {
      "largest_loss_net": -0.03963870880149115,
      "largest_win_net": 0.042056589991081014,
      "median_trade_net": 0.0016769882647154066,
      "sum_negative_net": -1.240334834391814,
      "sum_positive_net": 2.538471369815538
    }
  },
  "evidence_quality": {
    "availability_coverage": {
      "field": "available_at",
      "fraction": 1.0,
      "present": 2203108,
      "total": 2203108
    },
    "candidate_probe_count": null,
    "causality_check": "off",
    "causality_verified": false,
    "data_availability_status": "complete",
    "deterministic_replay_verified": false,
    "elapsed_seconds": null,
    "emitted_replay_verified": false,
    "evidence_quality_warnings": [
      "causality_replay_skipped",
      "runner_causality_not_verified"
    ],
    "replay_scope": "off",
    "replay_warning": null,
    "row_contract": {
      "data_kind": "crypto_perp_funding",
      "duplicate_key_count": 0,
      "funding_event_missing_fields": {},
      "issue_count": 0,
      "issue_reasons": {},
      "issue_sample_count": 0,
      "issues": [],
      "issues_truncated": false,
      "missing_required_fields": {},
      "quant_data_feedback": [],
      "required_fields": [
        "symbol",
        "timestamp",
        "open",
        "high",
        "low",
        "close",
        "has_funding_event",
        "available_at"
      ],
      "status": "passed",
      "timestamp_status": "aware"
    },
    "selected_probe_count": null,
    "skipped_probe_count": 0,
    "skipped_probe_reasons": [],
    "strict_no_emission_verified": false,
    "strict_probe_count": null,
    "strict_probe_limit": null,
    "strict_replay_capped": false,
    "timed_out": false,
    "timeout_seconds": null
  },
  "holding_period": {
    "average_seconds": 36025.89928057554,
    "count": 556,
    "max_seconds": 43200.0,
    "median_seconds": 43200.0,
    "min_seconds": 28800.0
  },
  "quick_checks": true,
  "replayable_from_artifacts": false,
  "sample_trades": {
    "largest_losers": [
      {
        "cost_return": 0.00036,
        "decision_id": "crypto_perp_funding_crowding_reversal_stateful_rebalance:bad9b90fc0b9157f",
        "decision_time": "2025-03-10T13:21:00Z",
        "entry_time": "2025-03-10T13:22:00Z",
        "exit_reason": "max_hold",
        "exit_time": "2025-03-11T01:22:00Z",
        "funding_return": 0.000143472,
        "gross_return": -0.03942218080149115,
        "net_return": -0.03963870880149115,
        "side": "long",
        "symbol": "LINK-PERP",
        "weight": 0.30000000000000004
      },
      {
        "cost_return": 0.00036,
        "decision_id": "crypto_perp_funding_crowding_reversal_stateful_rebalance:63ec9ed71fe72cdb",
        "decision_time": "2025-03-10T08:21:00Z",
        "entry_time": "2025-03-10T08:22:00Z",
        "exit_reason": "max_hold",
        "exit_time": "2025-03-10T20:22:00Z",
        "funding_return": 6.983700000000002e-05,
        "gross_return": -0.028114285714285703,
        "net_return": -0.028404448714285702,
        "side": "long",
        "symbol": "LINK-PERP",
        "weight": 0.30000000000000004
      },
      {
        "cost_return": 0.00036,
        "decision_id": "crypto_perp_funding_crowding_reversal_stateful_rebalance:9760644c3bb75c76",
        "decision_time": "2025-03-10T11:41:00Z",
        "entry_time": "2025-03-10T11:42:00Z",
        "exit_reason": "max_hold",
        "exit_time": "2025-03-10T23:42:00Z",
        "funding_return": 6.983700000000002e-05,
        "gross_return": -0.02769361461135496,
        "net_return": -0.02798377761135496,
        "side": "long",
        "symbol": "LINK-PERP",
        "weight": 0.30000000000000004
      },
      {
        "cost_return": 0.00036,