{
  "artifact_profile": "diagnostic",
  "assessment_status": "quick_check_unverified",
  "by_direction": {
    "long": {
      "cost": 0.20735999999999957,
      "count": 576,
      "funding": 0.0011319270000000026,
      "gross": 1.6051294056407386,
      "net": 1.398901332640737
    }
  },
  "by_exit_reason": {
    "max_hold": {
      "cost": 0.20735999999999957,
      "count": 576,
      "funding": 0.0011319270000000026,
      "gross": 1.6051294056407386,
      "net": 1.398901332640737
    }
  },
  "by_symbol": {
    "ADA-PERP": {
      "cost": 0.10691999999999979,
      "count": 297,
      "funding": 0.0026304329999999997,
      "gross": 0.6842756724398401,
      "net": 0.5799861054398395
    },
    "DOGE-PERP": {
      "cost": 0.047879999999999916,
      "count": 133,
      "funding": -0.0006853770000000005,
      "gross": 0.6022606546681021,
      "net": 0.5536952776681026
    },
    "ETH-PERP": {
      "cost": 0.007200000000000001,
      "count": 20,
      "funding": -0.0005095980000000002,
      "gross": -0.008631321393173463,
      "net": -0.01634091939317345
    },
    "LINK-PERP": {
      "cost": 0.04535999999999992,
      "count": 126,
      "funding": -0.0003035310000000002,
      "gross": 0.3272243999259683,
      "net": 0.2815608689259682
    }
  },
  "concentration": {
    "top_5_losers_net": -0.1479291556440117,
    "top_5_winners_net": 0.19787093030011055,
    "top_loser_net": -0.036575015894662326,
    "top_winner_net": 0.042056589991081014
  },
  "cost_funding_breakdown": {
    "cost": 0.20736000000000002,
    "cost_fraction_of_abs_gross": 0.12918584587092896,
    "funding": 0.0011319269999999998,
    "gross": 1.6051294056407368,
    "net": 1.398901332640737
  },
  "economic_slices": {
    "basis": "engine_trade_ledger",
    "by_direction": {
      "long": {
        "average_loss_net": -0.0053871894411986415,
        "average_trade_net": 0.0024286481469457236,
        "average_win_net": 0.007971630887499146,
        "count": 576,
        "flat_trade_count": 0,
        "hit_rate": 0.5850694444444444,
        "losing_trade_count": 239,
        "net_sum": 1.398901332640737,
        "winning_trade_count": 337
      }
    },
    "by_exit_reason": {
      "max_hold": {
        "average_loss_net": -0.0053871894411986415,
        "average_trade_net": 0.0024286481469457236,
        "average_win_net": 0.007971630887499146,
        "count": 576,
        "flat_trade_count": 0,
        "hit_rate": 0.5850694444444444,
        "losing_trade_count": 239,
        "net_sum": 1.398901332640737,
        "winning_trade_count": 337
      }
    },
    "by_symbol": {
      "ADA-PERP": {
        "average_loss_net": -0.004766224001612107,
        "average_trade_net": 0.00195281516983111,
        "average_win_net": 0.007784434073347863,
        "count": 297,
        "flat_trade_count": 0,
        "hit_rate": 0.5353535353535354,
        "losing_trade_count": 138,
        "net_sum": 0.5799861054398396,
        "winning_trade_count": 159
      },
      "DOGE-PERP": {
        "average_loss_net": -0.0058360475235070906,
        "average_trade_net": 0.004163122388481974,
        "average_win_net": 0.008016969125394426,
        "count": 133,
        "flat_trade_count": 0,
        "hit_rate": 0.7218045112781954,
        "losing_trade_count": 37,
        "net_sum": 0.5536952776681026,
        "winning_trade_count": 96
      },
      "ETH-PERP": {
        "average_loss_net": -0.006818901377319724,
        "average_trade_net": -0.0008170459696586726,
        "average_win_net": 0.01718852025332448,
        "count": 20,
        "flat_trade_count": 0,
        "hit_rate": 0.25,
        "losing_trade_count": 15,
        "net_sum": -0.01634091939317345,
        "winning_trade_count": 5
      },
      "LINK-PERP": {
        "average_loss_net": -0.006358818065192787,
        "average_trade_net": 0.0022346100708410177,
        "average_win_net": 0.007703155248317074,
        "count": 126,
        "flat_trade_count": 0,
        "hit_rate": 0.6111111111111112,
        "losing_trade_count": 49,
        "net_sum": 0.2815608689259682,
        "winning_trade_count": 77
      }
    },
    "schema_version": "quant_strategies.runner.economic_slices/v1",
    "win_loss_distribution": {
      "largest_loss_net": -0.036575015894662326,
      "largest_win_net": 0.042056589991081014,
      "median_trade_net": 0.0016863784796844546,
      "sum_negative_net": -1.2875382764464753,
      "sum_positive_net": 2.6864396090872122
    }
  },
  "evidence_quality": {
    "availability_coverage": {
      "field": "available_at",
      "fraction": 1.0,
      "present": 2203108,
      "total": 2203108
    },
    "candidate_probe_count": null,
    "causality_check": "off",
    "causality_verified": false,
    "data_availability_status": "complete",
    "deterministic_replay_verified": false,
    "elapsed_seconds": null,
    "emitted_replay_verified": false,
    "evidence_quality_warnings": [
      "causality_replay_skipped",
      "runner_causality_not_verified"
    ],
    "replay_scope": "off",
    "replay_warning": null,
    "row_contract": {
      "data_kind": "crypto_perp_funding",
      "duplicate_key_count": 0,
      "funding_event_missing_fields": {},
      "issue_count": 0,
      "issue_reasons": {},
      "issue_sample_count": 0,
      "issues": [],
      "issues_truncated": false,
      "missing_required_fields": {},
      "quant_data_feedback": [],
      "required_fields": [
        "symbol",
        "timestamp",
        "open",
        "high",
        "low",
        "close",
        "has_funding_event",
        "available_at"
      ],
      "status": "passed",
      "timestamp_status": "aware"
    },
    "selected_probe_count": null,
    "skipped_probe_count": 0,
    "skipped_probe_reasons": [],
    "strict_no_emission_verified": false,
    "strict_probe_count": null,
    "strict_probe_limit": null,
    "strict_replay_capped": false,
    "timed_out": false,
    "timeout_seconds": null
  },
  "holding_period": {
    "average_seconds": 39262.5,
    "count": 576,
    "max_seconds": 50400.0,
    "median_seconds": 28800.0,
    "min_seconds": 28800.0
  },
  "quick_checks": true,
  "replayable_from_artifacts": false,
  "sample_trades": {
    "largest_losers": [
      {
        "cost_return": 0.00036,
        "decision_id": "crypto_perp_funding_crowding_reversal_stateful_rebalance:451cdddf8546570d",
        "decision_time": "2025-03-10T11:41:00Z",
        "entry_time": "2025-03-10T11:42:00Z",
        "exit_reason": "max_hold",
        "exit_time": "2025-03-11T01:42:00Z",
        "funding_return": 0.000143472,
        "gross_return": -0.036358487894662325,
        "net_return": -0.036575015894662326,
        "side": "long",
        "symbol": "LINK-PERP",
        "weight": 0.30000000000000004
      },
      {
        "cost_return": 0.00036,
        "decision_id": "crypto_perp_funding_crowding_reversal_stateful_rebalance:9b59f0128074a128",
        "decision_time": "2025-03-10T13:21:00Z",
        "entry_time": "2025-03-10T13:22:00Z",
        "exit_reason": "max_hold",
        "exit_time": "2025-03-11T03:22:00Z",
        "funding_return": 0.000143472,
        "gross_return": -0.03047530288909599,
        "net_return": -0.03069183088909599,
        "side": "long",
        "symbol": "LINK-PERP",
        "weight": 0.30000000000000004
      },
      {
        "cost_return": 0.00036,
        "decision_id": "crypto_perp_funding_crowding_reversal_stateful_rebalance:bc6da22d20281d7c",
        "decision_time": "2025-10-13T23:21:00Z",
        "entry_time": "2025-10-13T23:22:00Z",
        "exit_reason": "max_hold",
        "exit_time": "2025-10-14T13:22:00Z",
        "funding_return": -4.464900000000001e-05,
        "gross_return": -0.027033704722390587,
        "net_return": -0.027438353722390587,
        "side": "long",
        "symbol": "DOGE-PERP",
        "weight": 0.30000000000000004
      },
      {
        "cost_return": 0.00036,