{
  "artifact_profile": "diagnostic",
  "assessment_status": "quick_check_unverified",
  "by_direction": {
    "long": {
      "cost": 0.3304800000000055,
      "count": 918,
      "funding": 0.0060705930000000165,
      "gross": 2.100143652275432,
      "net": 1.7757342452754319
    }
  },
  "by_exit_reason": {
    "max_hold": {
      "cost": 0.3304800000000055,
      "count": 918,
      "funding": 0.0060705930000000165,
      "gross": 2.100143652275432,
      "net": 1.7757342452754319
    }
  },
  "by_symbol": {
    "ADA-PERP": {
      "cost": 0.1979999999999996,
      "count": 550,
      "funding": 0.005991987000000008,
      "gross": 0.9161619884009541,
      "net": 0.7241539754009526
    },
    "BTC-PERP": {
      "cost": 0.00144,
      "count": 4,
      "funding": -1.8327000000000003e-05,
      "gross": -0.006178886538491579,
      "net": -0.00763721353849158
    },
    "DOGE-PERP": {
      "cost": 0.05831999999999989,
      "count": 162,
      "funding": 0.00016394700000000003,
      "gross": 0.6388073593416242,
      "net": 0.5806513063416243
    },
    "ETH-PERP": {
      "cost": 0.00432,
      "count": 12,
      "funding": -0.00019343699999999997,
      "gross": -0.005836852526670636,
      "net": -0.010350289526670635
    },
    "LINK-PERP": {
      "cost": 0.06839999999999988,
      "count": 190,
      "funding": 0.00012642299999999853,
      "gross": 0.5571900435980173,
      "net": 0.48891646659801746
    }
  },
  "concentration": {
    "top_5_losers_net": -0.11300476122029703,
    "top_5_winners_net": 0.20022491570832826,
    "top_loser_net": -0.024540436438972173,
    "top_winner_net": 0.042056589991081014
  },
  "cost_funding_breakdown": {
    "cost": 0.33048,
    "cost_fraction_of_abs_gross": 0.15736066418215555,
    "funding": 0.006070593000000001,
    "gross": 2.1001436522754324,
    "net": 1.7757342452754326
  },
  "economic_slices": {
    "basis": "engine_trade_ledger",
    "by_direction": {
      "long": {
        "average_loss_net": -0.004957442224698317,
        "average_trade_net": 0.0019343510297118002,
        "average_win_net": 0.0070022292451475945,
        "count": 918,
        "flat_trade_count": 0,
        "hit_rate": 0.5762527233115469,
        "losing_trade_count": 389,
        "net_sum": 1.7757342452754326,
        "winning_trade_count": 529
      }
    },
    "by_exit_reason": {
      "max_hold": {
        "average_loss_net": -0.004957442224698317,
        "average_trade_net": 0.0019343510297118002,
        "average_win_net": 0.0070022292451475945,
        "count": 918,
        "flat_trade_count": 0,
        "hit_rate": 0.5762527233115469,
        "losing_trade_count": 389,
        "net_sum": 1.7757342452754326,
        "winning_trade_count": 529
      }
    },
    "by_symbol": {
      "ADA-PERP": {
        "average_loss_net": -0.005003265580814599,
        "average_trade_net": 0.0013166435916380963,
        "average_win_net": 0.007066005408244369,
        "count": 550,
        "flat_trade_count": 0,
        "hit_rate": 0.5236363636363637,
        "losing_trade_count": 262,
        "net_sum": 0.7241539754009529,
        "winning_trade_count": 288
      },
      "BTC-PERP": {
        "average_loss_net": -0.001909303384622895,
        "average_trade_net": -0.001909303384622895,
        "average_win_net": null,
        "count": 4,
        "flat_trade_count": 0,
        "hit_rate": 0.0,
        "losing_trade_count": 4,
        "net_sum": -0.00763721353849158,
        "winning_trade_count": 0
      },
      "DOGE-PERP": {
        "average_loss_net": -0.004872295850841463,
        "average_trade_net": 0.0035842673230964462,
        "average_win_net": 0.0078125489100654,
        "count": 162,
        "flat_trade_count": 0,
        "hit_rate": 0.6666666666666666,
        "losing_trade_count": 54,
        "net_sum": 0.5806513063416243,
        "winning_trade_count": 108
      },
      "ETH-PERP": {
        "average_loss_net": -0.0066102046900744435,
        "average_trade_net": -0.0008625241272225528,
        "average_win_net": 0.0032429619891002257,
        "count": 12,
        "flat_trade_count": 0,
        "hit_rate": 0.5833333333333334,
        "losing_trade_count": 5,
        "net_sum": -0.010350289526670635,
        "winning_trade_count": 7
      },
      "LINK-PERP": {
        "average_loss_net": -0.004903081723436209,
        "average_trade_net": 0.0025732445610421968,
        "average_win_net": 0.006370743626174085,
        "count": 190,
        "flat_trade_count": 0,
        "hit_rate": 0.6631578947368421,
        "losing_trade_count": 64,
        "net_sum": 0.4889164665980174,
        "winning_trade_count": 126
      }
    },
    "schema_version": "quant_strategies.runner.economic_slices/v1",
    "win_loss_distribution": {
      "largest_loss_net": -0.024540436438972173,
      "largest_win_net": 0.042056589991081014,
      "median_trade_net": 0.0012021206407311664,
      "sum_negative_net": -1.9284450254076453,
      "sum_positive_net": 3.7041792706830776
    }
  },
  "evidence_quality": {
    "availability_coverage": {
      "field": "available_at",
      "fraction": 1.0,
      "present": 2203108,
      "total": 2203108
    },
    "causality_check": "off",
    "causality_verified": false,
    "data_availability_status": "complete",
    "deterministic_replay_verified": false,
    "emitted_replay_verified": false,
    "evidence_quality_warnings": [
      "causality_replay_skipped",
      "runner_causality_not_verified"
    ],
    "row_contract": {
      "data_kind": "crypto_perp_funding",
      "duplicate_key_count": 0,
      "funding_event_missing_fields": {},
      "issue_count": 0,
      "issue_reasons": {},
      "issue_sample_count": 0,
      "issues": [],
      "issues_truncated": false,
      "missing_required_fields": {},
      "quant_data_feedback": [],
      "required_fields": [
        "symbol",
        "timestamp",
        "open",
        "high",
        "low",
        "close",
        "has_funding_event",
        "available_at"
      ],
      "status": "passed",
      "timestamp_status": "aware"
    },
    "skipped_probe_count": 0,
    "skipped_probe_reasons": [],
    "strict_no_emission_verified": false,
    "strict_probe_count": null,
    "strict_probe_limit": null,
    "strict_replay_capped": false
  },
  "holding_period": {
    "average_seconds": 28800.0,
    "count": 918,
    "max_seconds": 28800.0,
    "median_seconds": 28800.0,
    "min_seconds": 28800.0
  },
  "quick_checks": true,
  "replayable_from_artifacts": false,
  "sample_trades": {
    "largest_losers": [
      {
        "cost_return": 0.00036,
        "decision_id": "crypto_perp_funding_crowding_reversal_stateful_rebalance:8016dfdfc3a1a9d7",
        "decision_time": "2025-03-10T11:41:00Z",
        "entry_time": "2025-03-10T11:42:00Z",
        "exit_reason": "max_hold",
        "exit_time": "2025-03-10T19:42:00Z",
        "funding_return": 2.9949000000000004e-05,
        "gross_return": -0.024210385438972176,
        "net_return": -0.024540436438972173,
        "side": "long",
        "symbol": "ADA-PERP",
        "weight": 0.30000000000000004
      },
      {
        "cost_return": 0.00036,
        "decision_id": "crypto_perp_funding_crowding_reversal_stateful_rebalance:af1aef1ce3aace9e",
        "decision_time": "2025-03-10T09:11:00Z",
        "entry_time": "2025-03-10T09:12:00Z",
        "exit_reason": "max_hold",
        "exit_time": "2025-03-10T17:12:00Z",
        "funding_return": 2.9949000000000004e-05,
        "gross_return": -0.02367024894572165,
        "net_return": -0.02400029994572165,
        "side": "long",
        "symbol": "ADA-PERP",
        "weight": 0.30000000000000004
      },
      {
        "cost_return": 0.00036,
        "decision_id": "crypto_perp_funding_crowding_reversal_stateful_rebalance:2078bb1f4b4e54e3",
        "decision_time": "2025-10-13T23:21:00Z",
        "entry_time": "2025-10-13T23:22:00Z",
        "exit_reason": "max_hold",
        "exit_time": "2025-10-14T07:22:00Z",