{
  "artifact_profile": "diagnostic",
  "assessment_status": "quick_check_unverified",
  "by_direction": {
    "long": {
      "cost": 0.18671999999999822,
      "count": 778,
      "funding": 0.0008091920000000005,
      "gross": 0.5403769583947263,
      "net": 0.3544661503947262
    }
  },
  "by_exit_reason": {
    "max_hold": {
      "cost": 0.1046400000000004,
      "count": 436,
      "funding": 0.00047325199999999763,
      "gross": 1.6189113635570411,
      "net": 1.514744615557039
    },
    "stop_loss": {
      "cost": 0.08208000000000001,
      "count": 342,
      "funding": 0.0003359400000000002,
      "gross": -1.078534405162315,
      "net": -1.1602784651623155
    }
  },
  "by_symbol": {
    "ADA-PERP": {
      "cost": 0.09048000000000016,
      "count": 377,
      "funding": 0.001001022000000001,
      "gross": 0.13862881460809512,
      "net": 0.049149836608095146
    },
    "BTC-PERP": {
      "cost": 0.01824000000000002,
      "count": 76,
      "funding": 6.391199999999994e-05,
      "gross": 0.03486805004077619,
      "net": 0.01669196204077619
    },
    "DOGE-PERP": {
      "cost": 0.036959999999999986,
      "count": 154,
      "funding": -7.959400000000002e-05,
      "gross": 0.13678499926548485,
      "net": 0.09974540526548485
    },
    "ETH-PERP": {
      "cost": 0.005759999999999996,
      "count": 24,
      "funding": -4.0942e-05,
      "gross": 0.03848490731097987,
      "net": 0.03268396531097988
    },
    "LINK-PERP": {
      "cost": 0.035280000000000006,
      "count": 147,
      "funding": -0.00013520600000000005,
      "gross": 0.19161018716939066,
      "net": 0.1561949811693906
    }
  },
  "concentration": {
    "top_5_losers_net": -0.03896514209790065,
    "top_5_winners_net": 0.12487189642260313,
    "top_loser_net": -0.009882330249301288,
    "top_winner_net": 0.026783315461056407
  },
  "cost_funding_breakdown": {
    "cost": 0.18672,
    "cost_fraction_of_abs_gross": 0.3455365686847209,
    "funding": 0.000809192,
    "gross": 0.5403769583947265,
    "net": 0.35446615039472656
  },
  "economic_slices": {
    "basis": "engine_trade_ledger",
    "by_direction": {
      "long": {
        "average_loss_net": -0.002808804147211573,
        "average_trade_net": 0.0004556120185022192,
        "average_win_net": 0.00488730426771367,
        "count": 778,
        "flat_trade_count": 0,
        "hit_rate": 0.4241645244215938,
        "losing_trade_count": 448,
        "net_sum": 0.35446615039472656,
        "winning_trade_count": 330
      }
    },
    "by_exit_reason": {
      "max_hold": {
        "average_loss_net": -0.0009251489885704716,
        "average_trade_net": 0.0034741848980666084,
        "average_win_net": 0.00488730426771367,
        "count": 436,
        "flat_trade_count": 0,
        "hit_rate": 0.7568807339449541,
        "losing_trade_count": 106,
        "net_sum": 1.5147446155570412,
        "winning_trade_count": 330
      },
      "stop_loss": {
        "average_loss_net": -0.003392627091117879,
        "average_trade_net": -0.003392627091117879,
        "average_win_net": null,
        "count": 342,
        "flat_trade_count": 0,
        "hit_rate": 0.0,
        "losing_trade_count": 342,
        "net_sum": -1.1602784651623146,
        "winning_trade_count": 0
      }
    },
    "by_symbol": {
      "ADA-PERP": {
        "average_loss_net": -0.0029951888265488972,
        "average_trade_net": 0.00013037091938486765,
        "average_win_net": 0.004913106637994924,
        "count": 377,
        "flat_trade_count": 0,
        "hit_rate": 0.3952254641909814,
        "losing_trade_count": 228,
        "net_sum": 0.049149836608095104,
        "winning_trade_count": 149
      },
      "BTC-PERP": {
        "average_loss_net": -0.0014021971745095676,
        "average_trade_net": 0.00021963107948389722,
        "average_win_net": 0.0029999080863298373,
        "count": 76,
        "flat_trade_count": 0,
        "hit_rate": 0.3684210526315789,
        "losing_trade_count": 48,
        "net_sum": 0.01669196204077619,
        "winning_trade_count": 28
      },
      "DOGE-PERP": {
        "average_loss_net": -0.00298313403243204,
        "average_trade_net": 0.0006476974367888623,
        "average_win_net": 0.0047828110545126675,
        "count": 154,
        "flat_trade_count": 0,
        "hit_rate": 0.4675324675324675,
        "losing_trade_count": 82,
        "net_sum": 0.0997454052654848,
        "winning_trade_count": 72
      },
      "ETH-PERP": {
        "average_loss_net": -0.0028988561440824964,
        "average_trade_net": 0.0013618318879574946,
        "average_win_net": 0.011709217108626045,
        "count": 24,
        "flat_trade_count": 0,
        "hit_rate": 0.2916666666666667,
        "losing_trade_count": 17,
        "net_sum": 0.03268396531097987,
        "winning_trade_count": 7
      },
      "LINK-PERP": {
        "average_loss_net": -0.0029347698083883166,
        "average_trade_net": 0.0010625508923087798,
        "average_win_net": 0.005005853745699159,
        "count": 147,
        "flat_trade_count": 0,
        "hit_rate": 0.5034013605442177,
        "losing_trade_count": 73,
        "net_sum": 0.15619498116939062,
        "winning_trade_count": 74
      }
    },
    "schema_version": "quant_strategies.runner.economic_slices/v1",
    "win_loss_distribution": {
      "largest_loss_net": -0.009882330249301288,
      "largest_win_net": 0.026783315461056407,
      "median_trade_net": -0.0009868950679340735,
      "sum_negative_net": -1.2583442579507846,
      "sum_positive_net": 1.6128104083455113
    }
  },
  "evidence_quality": {
    "availability_coverage": {
      "field": "available_at",
      "fraction": 1.0,
      "present": 2203108,
      "total": 2203108
    },
    "causality_check": "off",
    "causality_verified": false,
    "data_availability_status": "complete",
    "deterministic_replay_verified": false,
    "emitted_replay_verified": false,
    "evidence_quality_warnings": [
      "causality_replay_skipped",
      "runner_causality_not_verified"
    ],
    "row_contract": {
      "data_kind": "crypto_perp_funding",
      "duplicate_key_count": 0,
      "funding_event_missing_fields": {},
      "issue_count": 0,
      "issue_reasons": {},
      "issue_sample_count": 0,
      "issues": [],
      "issues_truncated": false,
      "missing_required_fields": {},
      "quant_data_feedback": [],
      "required_fields": [
        "symbol",
        "timestamp",
        "open",
        "high",
        "low",
        "close",
        "has_funding_event",
        "available_at"
      ],
      "status": "passed",
      "timestamp_status": "aware"
    },
    "skipped_probe_count": 0,
    "skipped_probe_reasons": [],
    "strict_no_emission_verified": false,
    "strict_probe_count": null,
    "strict_probe_limit": null,
    "strict_replay_capped": false
  },
  "holding_period": {
    "average_seconds": 20918.0205655527,
    "count": 778,
    "max_seconds": 28800.0,
    "median_seconds": 28800.0,
    "min_seconds": 240.0
  },
  "quick_checks": true,
  "replayable_from_artifacts": false,
  "sample_trades": {
    "largest_losers": [
      {
        "cost_return": 0.00023999999999999998,
        "decision_id": "crypto_perp_funding_crowding_reversal_stateful_rebalance:786d08922951e2ff",
        "decision_time": "2025-03-06T18:01:00Z",
        "entry_time": "2025-03-06T18:02:00Z",
        "exit_reason": "stop_loss",
        "exit_time": "2025-03-07T00:16:00Z",
        "funding_return": 3.9056e-05,
        "gross_return": -0.009681386249301288,
        "net_return": -0.009882330249301288,
        "side": "long",
        "symbol": "ADA-PERP",
        "weight": 0.2
      },
      {
        "cost_return": 0.00023999999999999998,
        "decision_id": "crypto_perp_funding_crowding_reversal_stateful_rebalance:01b9e9c82e98040e",
        "decision_time": "2025-03-06T19:31:00Z",
        "entry_time": "2025-03-06T19:32:00Z",
        "exit_reason": "stop_loss",