{
  "artifact_profile": "diagnostic",
  "assessment_status": "quick_check_unverified",
  "by_direction": {
    "long": {
      "cost": 0.20735999999999957,
      "count": 576,
      "funding": 0.0011319270000000026,
      "gross": 1.6381560358946052,
      "net": 1.4319279628946044
    }
  },
  "by_exit_reason": {
    "max_hold": {
      "cost": 0.20735999999999957,
      "count": 576,
      "funding": 0.0011319270000000026,
      "gross": 1.6381560358946052,
      "net": 1.4319279628946044
    }
  },
  "by_symbol": {
    "ADA-PERP": {
      "cost": 0.10691999999999979,
      "count": 297,
      "funding": 0.0026304329999999997,
      "gross": 0.6842756724398401,
      "net": 0.5799861054398395
    },
    "DOGE-PERP": {
      "cost": 0.047879999999999916,
      "count": 133,
      "funding": -0.0006853770000000005,
      "gross": 0.6115740654317828,
      "net": 0.5630086884317828
    },
    "ETH-PERP": {
      "cost": 0.007200000000000001,
      "count": 20,
      "funding": -0.0005095980000000002,
      "gross": -0.006146103265376146,
      "net": -0.013855701265376136
    },
    "LINK-PERP": {
      "cost": 0.04535999999999992,
      "count": 126,
      "funding": -0.0003035310000000002,
      "gross": 0.34845240128835847,
      "net": 0.3027888702883583
    }
  },
  "concentration": {
    "top_5_losers_net": -0.14804345525923326,
    "top_5_winners_net": 0.19670479297762142,
    "top_loser_net": -0.037021002019538424,
    "top_winner_net": 0.042056589991081014
  },
  "cost_funding_breakdown": {
    "cost": 0.20736000000000002,
    "cost_fraction_of_abs_gross": 0.12658134845302435,
    "funding": 0.0011319269999999998,
    "gross": 1.6381560358946048,
    "net": 1.4319279628946049
  },
  "economic_slices": {
    "basis": "engine_trade_ledger",
    "by_direction": {
      "long": {
        "average_loss_net": -0.00549406991452182,
        "average_trade_net": 0.0024859860466920226,
        "average_win_net": 0.007906840387691513,
        "count": 576,
        "flat_trade_count": 0,
        "hit_rate": 0.5954861111111112,
        "losing_trade_count": 233,
        "net_sum": 1.4319279628946049,
        "winning_trade_count": 343
      }
    },
    "by_exit_reason": {
      "max_hold": {
        "average_loss_net": -0.00549406991452182,
        "average_trade_net": 0.0024859860466920226,
        "average_win_net": 0.007906840387691513,
        "count": 576,
        "flat_trade_count": 0,
        "hit_rate": 0.5954861111111112,
        "losing_trade_count": 233,
        "net_sum": 1.4319279628946049,
        "winning_trade_count": 343
      }
    },
    "by_symbol": {
      "ADA-PERP": {
        "average_loss_net": -0.004766224001612107,
        "average_trade_net": 0.00195281516983111,
        "average_win_net": 0.007784434073347863,
        "count": 297,
        "flat_trade_count": 0,
        "hit_rate": 0.5353535353535354,
        "losing_trade_count": 138,
        "net_sum": 0.5799861054398396,
        "winning_trade_count": 159
      },
      "DOGE-PERP": {
        "average_loss_net": -0.005818884298127796,
        "average_trade_net": 0.004233148033321676,
        "average_win_net": 0.007963799207880243,
        "count": 133,
        "flat_trade_count": 0,
        "hit_rate": 0.7293233082706767,
        "losing_trade_count": 36,
        "net_sum": 0.563008688431783,
        "winning_trade_count": 97
      },
      "ETH-PERP": {
        "average_loss_net": -0.007202120719893966,
        "average_trade_net": -0.0006927850632688072,
        "average_win_net": 0.014495664802189896,
        "count": 20,
        "flat_trade_count": 0,
        "hit_rate": 0.3,
        "losing_trade_count": 14,
        "net_sum": -0.013855701265376144,
        "winning_trade_count": 6
      },
      "LINK-PERP": {
        "average_loss_net": -0.006934885623333276,
        "average_trade_net": 0.002403086272129829,
        "average_win_net": 0.007590848436275999,
        "count": 126,
        "flat_trade_count": 0,
        "hit_rate": 0.6428571428571429,
        "losing_trade_count": 45,
        "net_sum": 0.3027888702883585,
        "winning_trade_count": 81
      }
    },
    "schema_version": "quant_strategies.runner.economic_slices/v1",
    "win_loss_distribution": {
      "largest_loss_net": -0.037021002019538424,
      "largest_win_net": 0.042056589991081014,
      "median_trade_net": 0.0017084213655199174,
      "sum_negative_net": -1.2801182900835841,
      "sum_positive_net": 2.712046252978189
    }
  },
  "evidence_quality": {
    "availability_coverage": {
      "field": "available_at",
      "fraction": 1.0,
      "present": 2203108,
      "total": 2203108
    },
    "candidate_probe_count": null,
    "causality_check": "off",
    "causality_verified": false,
    "data_availability_status": "complete",
    "deterministic_replay_verified": false,
    "elapsed_seconds": null,
    "emitted_replay_verified": false,
    "evidence_quality_warnings": [
      "causality_replay_skipped",
      "runner_causality_not_verified"
    ],
    "replay_scope": "off",
    "replay_warning": null,
    "row_contract": {
      "data_kind": "crypto_perp_funding",
      "duplicate_key_count": 0,
      "funding_event_missing_fields": {},
      "issue_count": 0,
      "issue_reasons": {},
      "issue_sample_count": 0,
      "issues": [],
      "issues_truncated": false,
      "missing_required_fields": {},
      "quant_data_feedback": [],
      "required_fields": [
        "symbol",
        "timestamp",
        "open",
        "high",
        "low",
        "close",
        "has_funding_event",
        "available_at"
      ],
      "status": "passed",
      "timestamp_status": "aware"
    },
    "selected_probe_count": null,
    "skipped_probe_count": 0,
    "skipped_probe_reasons": [],
    "strict_no_emission_verified": false,
    "strict_probe_count": null,
    "strict_probe_limit": null,
    "strict_replay_capped": false,
    "timed_out": false,
    "timeout_seconds": null
  },
  "holding_period": {
    "average_seconds": 39495.0,
    "count": 576,
    "max_seconds": 50880.0,
    "median_seconds": 28800.0,
    "min_seconds": 28800.0
  },
  "quick_checks": true,
  "replayable_from_artifacts": false,
  "sample_trades": {
    "largest_losers": [
      {
        "cost_return": 0.00036,
        "decision_id": "crypto_perp_funding_crowding_reversal_stateful_rebalance:9167b4e53bd9da9f",
        "decision_time": "2025-03-10T11:41:00Z",
        "entry_time": "2025-03-10T11:42:00Z",
        "exit_reason": "max_hold",
        "exit_time": "2025-03-11T01:50:00Z",
        "funding_return": 0.000143472,
        "gross_return": -0.03680447401953842,
        "net_return": -0.037021002019538424,
        "side": "long",
        "symbol": "LINK-PERP",
        "weight": 0.30000000000000004
      },
      {
        "cost_return": 0.00036,
        "decision_id": "crypto_perp_funding_crowding_reversal_stateful_rebalance:faf28428cfdb3bef",
        "decision_time": "2025-03-10T13:21:00Z",
        "entry_time": "2025-03-10T13:22:00Z",
        "exit_reason": "max_hold",
        "exit_time": "2025-03-11T03:30:00Z",
        "funding_return": 0.000143472,
        "gross_return": -0.029701053838984883,
        "net_return": -0.029917581838984884,
        "side": "long",
        "symbol": "LINK-PERP",
        "weight": 0.30000000000000004
      },
      {
        "cost_return": 0.00036,
        "decision_id": "crypto_perp_funding_crowding_reversal_stateful_rebalance:962af2d714e9d140",
        "decision_time": "2025-03-10T08:01:00Z",
        "entry_time": "2025-03-10T08:02:00Z",
        "exit_reason": "max_hold",
        "exit_time": "2025-03-10T22:10:00Z",
        "funding_return": 6.983700000000002e-05,
        "gross_return": -0.027861863142187176,
        "net_return": -0.028152026142187175,
        "side": "long",
        "symbol": "LINK-PERP",
        "weight": 0.30000000000000004
      },
      {
        "cost_return": 0.00036,