{
  "artifact_profile": "diagnostic",
  "assessment_status": "quick_check_unverified",
  "by_direction": {
    "long": {
      "cost": 0.17927999999999963,
      "count": 498,
      "funding": 0.003130692000000001,
      "gross": 1.2856900443963128,
      "net": 1.1095407363963137
    }
  },
  "by_exit_reason": {
    "max_hold": {
      "cost": 0.17927999999999963,
      "count": 498,
      "funding": 0.003130692000000001,
      "gross": 1.2856900443963128,
      "net": 1.1095407363963137
    }
  },
  "by_symbol": {
    "ADA-PERP": {
      "cost": 0.10799999999999979,
      "count": 300,
      "funding": 0.003120921,
      "gross": 0.6476967623185912,
      "net": 0.5428176833185906
    },
    "BTC-PERP": {
      "cost": 0.00036,
      "count": 1,
      "funding": -2.1360000000000004e-06,
      "gross": -0.00035797700122810545,
      "net": -0.0007201130012281055
    },
    "DOGE-PERP": {
      "cost": 0.03311999999999995,
      "count": 92,
      "funding": -5.570999999999974e-06,
      "gross": 0.36853188219976596,
      "net": 0.335406311199766
    },
    "ETH-PERP": {
      "cost": 0.00252,
      "count": 7,
      "funding": -0.00012414000000000001,
      "gross": -0.006865779483424988,
      "net": -0.009509919483424988
    },
    "LINK-PERP": {
      "cost": 0.03527999999999994,
      "count": 98,
      "funding": 0.00014161800000000017,
      "gross": 0.27668515636260954,
      "net": 0.24154677436260957
    }
  },
  "concentration": {
    "top_5_losers_net": -0.10504297972566395,
    "top_5_winners_net": 0.19478831446636713,
    "top_loser_net": -0.024540436438972173,
    "top_winner_net": 0.042056589991081014
  },
  "cost_funding_breakdown": {
    "cost": 0.17928000000000002,
    "cost_fraction_of_abs_gross": 0.13944262910130859,
    "funding": 0.0031306920000000005,
    "gross": 1.2856900443963128,
    "net": 1.109540736396313
  },
  "economic_slices": {
    "basis": "engine_trade_ledger",
    "by_direction": {
      "long": {
        "average_loss_net": -0.004907993303128496,
        "average_trade_net": 0.002227993446578942,
        "average_win_net": 0.007262285468632819,
        "count": 498,
        "flat_trade_count": 0,
        "hit_rate": 0.5863453815261044,
        "losing_trade_count": 206,
        "net_sum": 1.109540736396313,
        "winning_trade_count": 292
      }
    },
    "by_exit_reason": {
      "max_hold": {
        "average_loss_net": -0.004907993303128496,
        "average_trade_net": 0.002227993446578942,
        "average_win_net": 0.007262285468632819,
        "count": 498,
        "flat_trade_count": 0,
        "hit_rate": 0.5863453815261044,
        "losing_trade_count": 206,
        "net_sum": 1.109540736396313,
        "winning_trade_count": 292
      }
    },
    "by_symbol": {
      "ADA-PERP": {
        "average_loss_net": -0.00488290731906432,
        "average_trade_net": 0.0018093922777286356,
        "average_win_net": 0.007744073052243144,
        "count": 300,
        "flat_trade_count": 0,
        "hit_rate": 0.53,
        "losing_trade_count": 141,
        "net_sum": 0.5428176833185907,
        "winning_trade_count": 159
      },
      "BTC-PERP": {
        "average_loss_net": -0.0007201130012281055,
        "average_trade_net": -0.0007201130012281055,
        "average_win_net": null,
        "count": 1,
        "flat_trade_count": 0,
        "hit_rate": 0.0,
        "losing_trade_count": 1,
        "net_sum": -0.0007201130012281055,
        "winning_trade_count": 0
      },
      "DOGE-PERP": {
        "average_loss_net": -0.004948337195989035,
        "average_trade_net": 0.0036457207739104994,
        "average_win_net": 0.007405621135741546,
        "count": 92,
        "flat_trade_count": 0,
        "hit_rate": 0.6956521739130435,
        "losing_trade_count": 28,
        "net_sum": 0.33540631119976594,
        "winning_trade_count": 64
      },
      "ETH-PERP": {
        "average_loss_net": -0.0069715432023058285,
        "average_trade_net": -0.0013585599262035696,
        "average_win_net": 0.0028511775308731244,
        "count": 7,
        "flat_trade_count": 0,
        "hit_rate": 0.5714285714285714,
        "losing_trade_count": 3,
        "net_sum": -0.009509919483424988,
        "winning_trade_count": 4
      },
      "LINK-PERP": {
        "average_loss_net": -0.00492025770789583,
        "average_trade_net": 0.002464763003700096,
        "average_win_net": 0.00621408121112572,
        "count": 98,
        "flat_trade_count": 0,
        "hit_rate": 0.6632653061224489,
        "losing_trade_count": 33,
        "net_sum": 0.2415467743626094,
        "winning_trade_count": 65
      }
    },
    "schema_version": "quant_strategies.runner.economic_slices/v1",
    "win_loss_distribution": {
      "largest_loss_net": -0.024540436438972173,
      "largest_win_net": 0.042056589991081014,
      "median_trade_net": 0.0013334531529131974,
      "sum_negative_net": -1.0110466204444701,
      "sum_positive_net": 2.120587356840783
    }
  },
  "evidence_quality": {
    "availability_coverage": {
      "field": "available_at",
      "fraction": 1.0,
      "present": 2203108,
      "total": 2203108
    },
    "causality_check": "off",
    "causality_verified": false,
    "data_availability_status": "complete",
    "deterministic_replay_verified": false,
    "emitted_replay_verified": false,
    "evidence_quality_warnings": [
      "causality_replay_skipped",
      "runner_causality_not_verified"
    ],
    "row_contract": {
      "data_kind": "crypto_perp_funding",
      "duplicate_key_count": 0,
      "funding_event_missing_fields": {},
      "issue_count": 0,
      "issue_reasons": {},
      "issue_sample_count": 0,
      "issues": [],
      "issues_truncated": false,
      "missing_required_fields": {},
      "quant_data_feedback": [],
      "required_fields": [
        "symbol",
        "timestamp",
        "open",
        "high",
        "low",
        "close",
        "has_funding_event",
        "available_at"
      ],
      "status": "passed",
      "timestamp_status": "aware"
    },
    "skipped_probe_count": 0,
    "skipped_probe_reasons": [],
    "strict_no_emission_verified": false,
    "strict_probe_count": null,
    "strict_probe_limit": null,
    "strict_replay_capped": false
  },
  "holding_period": {
    "average_seconds": 28800.0,
    "count": 498,
    "max_seconds": 28800.0,
    "median_seconds": 28800.0,
    "min_seconds": 28800.0
  },
  "quick_checks": true,
  "replayable_from_artifacts": false,
  "sample_trades": {
    "largest_losers": [
      {
        "cost_return": 0.00036,
        "decision_id": "crypto_perp_funding_crowding_reversal_stateful_rebalance:8016dfdfc3a1a9d7",
        "decision_time": "2025-03-10T11:41:00Z",
        "entry_time": "2025-03-10T11:42:00Z",
        "exit_reason": "max_hold",
        "exit_time": "2025-03-10T19:42:00Z",
        "funding_return": 2.9949000000000004e-05,
        "gross_return": -0.024210385438972176,
        "net_return": -0.024540436438972173,
        "side": "long",
        "symbol": "ADA-PERP",
        "weight": 0.30000000000000004
      },
      {
        "cost_return": 0.00036,
        "decision_id": "crypto_perp_funding_crowding_reversal_stateful_rebalance:2078bb1f4b4e54e3",
        "decision_time": "2025-10-13T23:21:00Z",
        "entry_time": "2025-10-13T23:22:00Z",
        "exit_reason": "max_hold",
        "exit_time": "2025-10-14T07:22:00Z",
        "funding_return": -1.8465000000000004e-05,
        "gross_return": -0.022166798750641006,
        "net_return": -0.022545263750641004,
        "side": "long",
        "symbol": "DOGE-PERP",
        "weight": 0.30000000000000004
      },
      {
        "cost_return": 0.00036,
        "decision_id": "crypto_perp_funding_crowding_reversal_stateful_rebalance:6dd6a77e0c4bd0c1",
        "decision_time": "2025-10-13T23:21:00Z",
        "entry_time": "2025-10-13T23:22:00Z",
        "exit_reason": "max_hold",
        "exit_time": "2025-10-14T07:22:00Z",