{
  "artifact_profile": "diagnostic",
  "assessment_status": "quick_check_unverified",
  "by_direction": {
    "long": {
      "cost": 0.22067999999999954,
      "count": 613,
      "funding": 0.002667339,
      "gross": 1.3594220593683295,
      "net": 1.1414093983683298
    }
  },
  "by_exit_reason": {
    "max_hold": {
      "cost": 0.22067999999999954,
      "count": 613,
      "funding": 0.002667339,
      "gross": 1.3594220593683295,
      "net": 1.1414093983683298
    }
  },
  "by_symbol": {
    "ADA-PERP": {
      "cost": 0.12167999999999976,
      "count": 338,
      "funding": 0.003075405000000001,
      "gross": 0.6899381784670958,
      "net": 0.5713335834670947
    },
    "DOGE-PERP": {
      "cost": 0.047519999999999916,
      "count": 132,
      "funding": -0.0002669160000000001,
      "gross": 0.40802893158673836,
      "net": 0.36024201558673846
    },
    "ETH-PERP": {
      "cost": 0.007200000000000001,
      "count": 20,
      "funding": -0.000227373,
      "gross": 0.03534731307768601,
      "net": 0.027919940077686008
    },
    "LINK-PERP": {
      "cost": 0.044279999999999924,
      "count": 123,
      "funding": 8.622299999999948e-05,
      "gross": 0.22610763623681004,
      "net": 0.18191385923680997
    }
  },
  "concentration": {
    "top_5_losers_net": -0.11996206541743082,
    "top_5_winners_net": 0.19552617112396597,
    "top_loser_net": -0.027813878135211658,
    "top_winner_net": 0.042056589991081014
  },
  "cost_funding_breakdown": {
    "cost": 0.22068000000000002,
    "cost_fraction_of_abs_gross": 0.16233369061448172,
    "funding": 0.0026673390000000003,
    "gross": 1.3594220593683295,
    "net": 1.1414093983683296
  },
  "economic_slices": {
    "basis": "engine_trade_ledger",
    "by_direction": {
      "long": {
        "average_loss_net": -0.005092114050472915,
        "average_trade_net": 0.0018620055438308802,
        "average_win_net": 0.0070183271748345466,
        "count": 613,
        "flat_trade_count": 0,
        "hit_rate": 0.5742251223491027,
        "losing_trade_count": 261,
        "net_sum": 1.1414093983683296,
        "winning_trade_count": 352
      }
    },
    "by_exit_reason": {
      "max_hold": {
        "average_loss_net": -0.005092114050472915,
        "average_trade_net": 0.0018620055438308802,
        "average_win_net": 0.0070183271748345466,
        "count": 613,
        "flat_trade_count": 0,
        "hit_rate": 0.5742251223491027,
        "losing_trade_count": 261,
        "net_sum": 1.1414093983683296,
        "winning_trade_count": 352
      }
    },
    "by_symbol": {
      "ADA-PERP": {
        "average_loss_net": -0.004896667538332746,
        "average_trade_net": 0.001690336045760636,
        "average_win_net": 0.007611238143822102,
        "count": 338,
        "flat_trade_count": 0,
        "hit_rate": 0.5266272189349113,
        "losing_trade_count": 160,
        "net_sum": 0.571333583467095,
        "winning_trade_count": 178
      },
      "DOGE-PERP": {
        "average_loss_net": -0.004898042794618703,
        "average_trade_net": 0.002729106178687413,
        "average_win_net": 0.0065426806653404715,
        "count": 132,
        "flat_trade_count": 0,
        "hit_rate": 0.6666666666666666,
        "losing_trade_count": 44,
        "net_sum": 0.3602420155867385,
        "winning_trade_count": 88
      },
      "ETH-PERP": {
        "average_loss_net": -0.003820910718947935,
        "average_trade_net": 0.0013959970038843006,
        "average_win_net": 0.011084539917715594,
        "count": 20,
        "flat_trade_count": 0,
        "hit_rate": 0.35,
        "losing_trade_count": 13,
        "net_sum": 0.02791994007768601,
        "winning_trade_count": 7
      },
      "LINK-PERP": {
        "average_loss_net": -0.0063724826984237586,
        "average_trade_net": 0.0014789744653399197,
        "average_win_net": 0.005851937948955132,
        "count": 123,
        "flat_trade_count": 0,
        "hit_rate": 0.6422764227642277,
        "losing_trade_count": 44,
        "net_sum": 0.1819138592368101,
        "winning_trade_count": 79
      }
    },
    "schema_version": "quant_strategies.runner.economic_slices/v1",
    "win_loss_distribution": {
      "largest_loss_net": -0.027813878135211658,
      "largest_win_net": 0.042056589991081014,
      "median_trade_net": 0.0010177708587286777,
      "sum_negative_net": -1.3290417671734307,
      "sum_positive_net": 2.4704511655417605
    }
  },
  "evidence_quality": {
    "availability_coverage": {
      "field": "available_at",
      "fraction": 1.0,
      "present": 2203108,
      "total": 2203108
    },
    "candidate_probe_count": null,
    "causality_check": "off",
    "causality_verified": false,
    "data_availability_status": "complete",
    "deterministic_replay_verified": false,
    "elapsed_seconds": null,
    "emitted_replay_verified": false,
    "evidence_quality_warnings": [
      "causality_replay_skipped",
      "runner_causality_not_verified"
    ],
    "replay_scope": "off",
    "replay_warning": null,
    "row_contract": {
      "data_kind": "crypto_perp_funding",
      "duplicate_key_count": 0,
      "funding_event_missing_fields": {},
      "issue_count": 0,
      "issue_reasons": {},
      "issue_sample_count": 0,
      "issues": [],
      "issues_truncated": false,
      "missing_required_fields": {},
      "quant_data_feedback": [],
      "required_fields": [
        "symbol",
        "timestamp",
        "open",
        "high",
        "low",
        "close",
        "has_funding_event",
        "available_at"
      ],
      "status": "passed",
      "timestamp_status": "aware"
    },
    "selected_probe_count": null,
    "skipped_probe_count": 0,
    "skipped_probe_reasons": [],
    "strict_no_emission_verified": false,
    "strict_probe_count": null,
    "strict_probe_limit": null,
    "strict_replay_capped": false,
    "timed_out": false,
    "timeout_seconds": null
  },
  "holding_period": {
    "average_seconds": 28800.0,
    "count": 613,
    "max_seconds": 28800.0,
    "median_seconds": 28800.0,
    "min_seconds": 28800.0
  },
  "quick_checks": true,
  "replayable_from_artifacts": false,
  "sample_trades": {
    "largest_losers": [
      {
        "cost_return": 0.00036,
        "decision_id": "crypto_perp_funding_crowding_reversal_stateful_rebalance:2c9d57f7a0c23424",
        "decision_time": "2025-03-10T11:41:00Z",
        "entry_time": "2025-03-10T11:42:00Z",
        "exit_reason": "max_hold",
        "exit_time": "2025-03-10T19:42:00Z",
        "funding_return": 6.983700000000002e-05,
        "gross_return": -0.02752371513521166,
        "net_return": -0.027813878135211658,
        "side": "long",
        "symbol": "LINK-PERP",
        "weight": 0.30000000000000004
      },
      {
        "cost_return": 0.00036,
        "decision_id": "crypto_perp_funding_crowding_reversal_stateful_rebalance:64fb3db4024069ac",
        "decision_time": "2025-03-10T13:21:00Z",
        "entry_time": "2025-03-10T13:22:00Z",
        "exit_reason": "max_hold",
        "exit_time": "2025-03-10T21:22:00Z",
        "funding_return": 6.983700000000002e-05,
        "gross_return": -0.02466843501326261,
        "net_return": -0.02495859801326261,
        "side": "long",
        "symbol": "LINK-PERP",
        "weight": 0.30000000000000004
      },
      {
        "cost_return": 0.00036,
        "decision_id": "crypto_perp_funding_crowding_reversal_stateful_rebalance:8016dfdfc3a1a9d7",
        "decision_time": "2025-03-10T11:41:00Z",
        "entry_time": "2025-03-10T11:42:00Z",
        "exit_reason": "max_hold",
        "exit_time": "2025-03-10T19:42:00Z",
        "funding_return": 2.9949000000000004e-05,
        "gross_return": -0.024210385438972176,
        "net_return": -0.024540436438972173,
        "side": "long",
        "symbol": "ADA-PERP",
        "weight": 0.30000000000000004
      },
      {
        "cost_return": 0.00036,