{
  "artifact_profile": "diagnostic",
  "assessment_status": "quick_check_unverified",
  "by_direction": {
    "long": {
      "cost": 0.11112000000000051,
      "count": 463,
      "funding": 0.0011534459999999968,
      "gross": 0.793647832329969,
      "net": 0.6836812783299684
    }
  },
  "by_exit_reason": {
    "max_hold": {
      "cost": 0.11112000000000051,
      "count": 463,
      "funding": 0.0011534459999999968,
      "gross": 0.793647832329969,
      "net": 0.6836812783299684
    }
  },
  "by_symbol": {
    "ADA-PERP": {
      "cost": 0.053039999999999796,
      "count": 221,
      "funding": 0.001885306,
      "gross": 0.2744499005685528,
      "net": 0.22329520656855278
    },
    "BTC-PERP": {
      "cost": 0.011280000000000004,
      "count": 47,
      "funding": 6.671e-05,
      "gross": -0.0055090599505846875,
      "net": -0.01672234995058469
    },
    "DOGE-PERP": {
      "cost": 0.022800000000000032,
      "count": 95,
      "funding": -0.00016367599999999997,
      "gross": 0.2953649032257578,
      "net": 0.27240122722575777
    },
    "ETH-PERP": {
      "cost": 0.004079999999999998,
      "count": 17,
      "funding": -0.000256542,
      "gross": 0.04423994608297838,
      "net": 0.03990340408297838
    },
    "LINK-PERP": {
      "cost": 0.019920000000000024,
      "count": 83,
      "funding": -0.00037835200000000004,
      "gross": 0.1851021424032646,
      "net": 0.16480379040326465
    }
  },
  "concentration": {
    "top_5_losers_net": -0.08734659163418176,
    "top_5_winners_net": 0.13212095952269914,
    "top_loser_net": -0.019606218972114522,
    "top_winner_net": 0.028646698922916155
  },
  "cost_funding_breakdown": {
    "cost": 0.11112,
    "cost_fraction_of_abs_gross": 0.14001172242073295,
    "funding": 0.001153446,
    "gross": 0.7936478323299688,
    "net": 0.6836812783299688
  },
  "economic_slices": {
    "basis": "engine_trade_ledger",
    "by_direction": {
      "long": {
        "average_loss_net": -0.0038388508550425762,
        "average_trade_net": 0.0014766334305182911,
        "average_win_net": 0.005242585396672116,
        "count": 463,
        "flat_trade_count": 0,
        "hit_rate": 0.5853131749460043,
        "losing_trade_count": 192,
        "net_sum": 0.6836812783299688,
        "winning_trade_count": 271
      }
    },
    "by_exit_reason": {
      "max_hold": {
        "average_loss_net": -0.0038388508550425762,
        "average_trade_net": 0.0014766334305182911,
        "average_win_net": 0.005242585396672116,
        "count": 463,
        "flat_trade_count": 0,
        "hit_rate": 0.5853131749460043,
        "losing_trade_count": 192,
        "net_sum": 0.6836812783299688,
        "winning_trade_count": 271
      }
    },
    "by_symbol": {
      "ADA-PERP": {
        "average_loss_net": -0.004338229334447072,
        "average_trade_net": 0.0010103855500839488,
        "average_win_net": 0.005043071375722417,
        "count": 221,
        "flat_trade_count": 0,
        "hit_rate": 0.5701357466063348,
        "losing_trade_count": 95,
        "net_sum": 0.2232952065685527,
        "winning_trade_count": 126
      },
      "BTC-PERP": {
        "average_loss_net": -0.0022429966189059505,
        "average_trade_net": -0.0003557946797996742,
        "average_win_net": 0.0033006590772187362,
        "count": 47,
        "flat_trade_count": 0,
        "hit_rate": 0.3404255319148936,
        "losing_trade_count": 31,
        "net_sum": -0.01672234995058469,
        "winning_trade_count": 16
      },
      "DOGE-PERP": {
        "average_loss_net": -0.003945087673403663,
        "average_trade_net": 0.0028673813392185027,
        "average_win_net": 0.0055723322707008326,
        "count": 95,
        "flat_trade_count": 0,
        "hit_rate": 0.7157894736842105,
        "losing_trade_count": 27,
        "net_sum": 0.27240122722575777,
        "winning_trade_count": 68
      },
      "ETH-PERP": {
        "average_loss_net": -0.003915420006109592,
        "average_trade_net": 0.002347259063704611,
        "average_win_net": 0.013828837358363983,
        "count": 17,
        "flat_trade_count": 0,
        "hit_rate": 0.35294117647058826,
        "losing_trade_count": 11,
        "net_sum": 0.039903404082978385,
        "winning_trade_count": 6
      },
      "LINK-PERP": {
        "average_loss_net": -0.003778846248589781,
        "average_trade_net": 0.0019855878361839116,
        "average_win_net": 0.004920208824795973,
        "count": 83,
        "flat_trade_count": 0,
        "hit_rate": 0.6626506024096386,
        "losing_trade_count": 28,
        "net_sum": 0.16480379040326468,
        "winning_trade_count": 55
      }
    },
    "schema_version": "quant_strategies.runner.economic_slices/v1",
    "win_loss_distribution": {
      "largest_loss_net": -0.019606218972114522,
      "largest_win_net": 0.028646698922916155,
      "median_trade_net": 0.0008895628053416675,
      "sum_negative_net": -0.7370593641681746,
      "sum_positive_net": 1.4207406424981435
    }
  },
  "evidence_quality": {
    "availability_coverage": {
      "field": "available_at",
      "fraction": 1.0,
      "present": 2203108,
      "total": 2203108
    },
    "causality_check": "off",
    "causality_verified": false,
    "data_availability_status": "complete",
    "deterministic_replay_verified": false,
    "emitted_replay_verified": false,
    "evidence_quality_warnings": [
      "causality_replay_skipped",
      "runner_causality_not_verified"
    ],
    "row_contract": {
      "data_kind": "crypto_perp_funding",
      "duplicate_key_count": 0,
      "funding_event_missing_fields": {},
      "issue_count": 0,
      "issue_reasons": {},
      "issue_sample_count": 0,
      "issues": [],
      "issues_truncated": false,
      "missing_required_fields": {},
      "quant_data_feedback": [],
      "required_fields": [
        "symbol",
        "timestamp",
        "open",
        "high",
        "low",
        "close",
        "has_funding_event",
        "available_at"
      ],
      "status": "passed",
      "timestamp_status": "aware"
    },
    "skipped_probe_count": 0,
    "skipped_probe_reasons": [],
    "strict_no_emission_verified": false,
    "strict_probe_count": null,
    "strict_probe_limit": null,
    "strict_replay_capped": false
  },
  "holding_period": {
    "average_seconds": 43200.0,
    "count": 463,
    "max_seconds": 43200.0,
    "median_seconds": 43200.0,
    "min_seconds": 43200.0
  },
  "quick_checks": true,
  "replayable_from_artifacts": false,
  "sample_trades": {
    "largest_losers": [
      {
        "cost_return": 0.00023999999999999998,
        "decision_id": "crypto_perp_funding_crowding_reversal_stateful_rebalance:7523e382f6aec5c0",
        "decision_time": "2025-03-09T10:01:00Z",
        "entry_time": "2025-03-09T10:02:00Z",
        "exit_reason": "max_hold",
        "exit_time": "2025-03-09T22:02:00Z",
        "funding_return": -8.96e-06,
        "gross_return": -0.019357258972114523,
        "net_return": -0.019606218972114522,
        "side": "long",
        "symbol": "ADA-PERP",
        "weight": 0.2
      },
      {
        "cost_return": 0.00023999999999999998,
        "decision_id": "crypto_perp_funding_crowding_reversal_stateful_rebalance:da8039fa27bf94fd",
        "decision_time": "2025-03-10T08:01:00Z",
        "entry_time": "2025-03-10T08:02:00Z",
        "exit_reason": "max_hold",
        "exit_time": "2025-03-10T20:02:00Z",
        "funding_return": 4.6558000000000004e-05,
        "gross_return": -0.018389824486605564,
        "net_return": -0.018583266486605566,
        "side": "long",
        "symbol": "LINK-PERP",
        "weight": 0.2
      },
      {
        "cost_return": 0.00023999999999999998,
        "decision_id": "crypto_perp_funding_crowding_reversal_stateful_rebalance:af4a9a26c1ac9afc",
        "decision_time": "2025-03-06T14:01:00Z",
        "entry_time": "2025-03-06T14:02:00Z",
        "exit_reason": "max_hold",
        "exit_time": "2025-03-07T02:02:00Z",