{
  "artifact_profile": "diagnostic",
  "assessment_status": "quick_check_unverified",
  "by_direction": {
    "long": {
      "cost": 0.0,
      "count": 70,
      "funding": 0.0,
      "gross": 0.0023649193557744607,
      "net": 0.0023649193557744607
    },
    "short": {
      "cost": 0.0,
      "count": 39,
      "funding": 0.0,
      "gross": 0.0005969073378030913,
      "net": 0.0005969073378030913
    }
  },
  "by_exit_reason": {
    "max_hold": {
      "cost": 0.0,
      "count": 32,
      "funding": 0.0,
      "gross": -0.0010985751556766281,
      "net": -0.0010985751556766281
    },
    "stop_loss": {
      "cost": 0.0,
      "count": 23,
      "funding": 0.0,
      "gross": -0.008701697582105542,
      "net": -0.008701697582105542
    },
    "take_profit": {
      "cost": 0.0,
      "count": 54,
      "funding": 0.0,
      "gross": 0.012762099431359725,
      "net": 0.012762099431359725
    }
  },
  "by_symbol": {
    "AUDUSD": {
      "cost": 0.0,
      "count": 15,
      "funding": 0.0,
      "gross": 0.0003546838009646157,
      "net": 0.0003546838009646157
    },
    "EURUSD": {
      "cost": 0.0,
      "count": 32,
      "funding": 0.0,
      "gross": -7.894835628475622e-05,
      "net": -7.894835628475622e-05
    },
    "GBPUSD": {
      "cost": 0.0,
      "count": 37,
      "funding": 0.0,
      "gross": 0.0013432665879816777,
      "net": 0.0013432665879816777
    },
    "USDCAD": {
      "cost": 0.0,
      "count": 15,
      "funding": 0.0,
      "gross": 0.000660732734208656,
      "net": 0.000660732734208656
    },
    "USDJPY": {
      "cost": 0.0,
      "count": 10,
      "funding": 0.0,
      "gross": 0.0006820919267073597,
      "net": 0.0006820919267073597
    }
  },
  "concentration": {
    "top_5_losers_net": -0.00310804844898611,
    "top_5_winners_net": 0.002446842008153099,
    "top_loser_net": -0.0007991040923240542,
    "top_winner_net": 0.0006630890698248606
  },
  "cost_funding_breakdown": {
    "cost": 0.0,
    "cost_fraction_of_abs_gross": 0.0,
    "funding": 0.0,
    "gross": 0.0029618266935775533,
    "net": 0.0029618266935775533
  },
  "economic_slices": {
    "basis": "engine_trade_ledger",
    "by_direction": {
      "long": {
        "average_loss_net": -0.00028354982168157637,
        "average_trade_net": 3.3784562225349454e-05,
        "average_win_net": 0.00022644685394175462,
        "count": 70,
        "flat_trade_count": 1,
        "hit_rate": 0.6142857142857143,
        "losing_trade_count": 26,
        "net_sum": 0.0023649193557744616,
        "winning_trade_count": 43
      },
      "short": {
        "average_loss_net": -0.00025282246504599345,
        "average_trade_net": 1.530531635392542e-05,
        "average_win_net": 0.00020182899037126027,
        "count": 39,
        "flat_trade_count": 0,
        "hit_rate": 0.5897435897435898,
        "losing_trade_count": 16,
        "net_sum": 0.0005969073378030914,
        "winning_trade_count": 23
      }
    },
    "by_exit_reason": {
      "max_hold": {
        "average_loss_net": -0.00014293459065007046,
        "average_trade_net": -3.433047361489463e-05,
        "average_win_net": 0.00013476517222289254,
        "count": 32,
        "flat_trade_count": 1,
        "hit_rate": 0.375,
        "losing_trade_count": 19,
        "net_sum": -0.0010985751556766281,
        "winning_trade_count": 12
      },
      "stop_loss": {
        "average_loss_net": -0.00037833467748284963,
        "average_trade_net": -0.00037833467748284963,
        "average_win_net": null,
        "count": 23,
        "flat_trade_count": 0,
        "hit_rate": 0.0,
        "losing_trade_count": 23,
        "net_sum": -0.008701697582105542,
        "winning_trade_count": 0
      },
      "take_profit": {
        "average_loss_net": null,
        "average_trade_net": 0.0002363351746548097,
        "average_win_net": 0.0002363351746548097,
        "count": 54,
        "flat_trade_count": 0,
        "hit_rate": 1.0,
        "losing_trade_count": 0,
        "net_sum": 0.012762099431359723,
        "winning_trade_count": 54
      }
    },
    "by_symbol": {
      "AUDUSD": {
        "average_loss_net": -0.00024892806051370016,
        "average_trade_net": 2.364558673097438e-05,
        "average_win_net": 0.00015993241035331166,
        "count": 15,
        "flat_trade_count": 0,
        "hit_rate": 0.6666666666666666,
        "losing_trade_count": 5,
        "net_sum": 0.0003546838009646157,
        "winning_trade_count": 10
      },
      "EURUSD": {
        "average_loss_net": -0.0002851921612468995,
        "average_trade_net": -2.4671361338986297e-06,
        "average_win_net": 0.00026243337890117103,
        "count": 32,
        "flat_trade_count": 1,
        "hit_rate": 0.5,
        "losing_trade_count": 15,
        "net_sum": -7.894835628475615e-05,
        "winning_trade_count": 16
      },
      "GBPUSD": {
        "average_loss_net": -0.00030391912633635727,
        "average_trade_net": 3.630450237788318e-05,
        "average_win_net": 0.00024339714594307304,
        "count": 37,
        "flat_trade_count": 0,
        "hit_rate": 0.6216216216216216,
        "losing_trade_count": 14,
        "net_sum": 0.0013432665879816777,
        "winning_trade_count": 23
      },
      "USDCAD": {
        "average_loss_net": -0.00026120120809699636,
        "average_trade_net": 4.404884894724374e-05,
        "average_win_net": 0.0001550488696906038,
        "count": 15,
        "flat_trade_count": 0,
        "hit_rate": 0.7333333333333333,
        "losing_trade_count": 4,
        "net_sum": 0.000660732734208656,
        "winning_trade_count": 11
      },
      "USDJPY": {
        "average_loss_net": -0.00014881487052197513,
        "average_trade_net": 6.820919267073597e-05,
        "average_win_net": 0.00021289190146587674,
        "count": 10,
        "flat_trade_count": 0,
        "hit_rate": 0.6,
        "losing_trade_count": 4,
        "net_sum": 0.0006820919267073597,
        "winning_trade_count": 6
      }
    },
    "schema_version": "quant_strategies.runner.economic_slices/v1",
    "win_loss_distribution": {
      "largest_loss_net": -0.0007991040923240542,
      "largest_win_net": 0.0006630890698248606,
      "median_trade_net": 8.51640711901904e-05,
      "sum_negative_net": -0.011417454804456882,
      "sum_positive_net": 0.014379281498034434
    }
  },
  "evidence_quality": {
    "availability_coverage": {
      "field": "available_at",
      "fraction": 1.0,
      "present": 1543075,
      "total": 1543075
    },
    "candidate_probe_count": null,
    "causality_check": "off",
    "causality_verified": false,
    "data_availability_status": "complete",
    "deterministic_replay_verified": false,
    "elapsed_seconds": null,
    "emitted_replay_verified": false,
    "evidence_quality_warnings": [
      "causality_replay_skipped",
      "runner_causality_not_verified"
    ],
    "replay_scope": "off",
    "replay_warning": null,
    "row_contract": {
      "data_kind": "forex_with_quotes",
      "duplicate_key_count": 0,
      "funding_event_missing_fields": {},
      "issue_count": 0,
      "issue_reasons": {},
      "issue_sample_count": 0,
      "issues": [],
      "issues_truncated": false,
      "missing_required_fields": {},
      "quant_data_feedback": [],
      "required_fields": [
        "symbol",
        "timestamp",
        "open",
        "high",
        "low",
        "close",
        "bid",
        "ask",
        "mid",
        "available_at"
      ],
      "status": "passed",
      "timestamp_status": "aware"
    },
    "selected_probe_count": null,
    "skipped_probe_count": 0,
    "skipped_probe_reasons": [],
    "strict_no_emission_verified": false,
    "strict_probe_count": null,
    "strict_probe_limit": null,
    "strict_replay_capped": false,
    "timed_out": false,
    "timeout_seconds": null
  },
  "holding_period": {
    "average_seconds": 6204.770642201835,
    "count": 109,
    "max_seconds": 11040.0,
    "median_seconds": 5880.0,