{
  "artifact_profile": "diagnostic",
  "assessment_status": "quick_check_unverified",
  "by_direction": {
    "long": {
      "cost": 0.20735999999999957,
      "count": 576,
      "funding": 0.0011319270000000026,
      "gross": 1.600743773181974,
      "net": 1.394515700181973
    }
  },
  "by_exit_reason": {
    "max_hold": {
      "cost": 0.20735999999999957,
      "count": 576,
      "funding": 0.0011319270000000026,
      "gross": 1.600743773181974,
      "net": 1.394515700181973
    }
  },
  "by_symbol": {
    "ADA-PERP": {
      "cost": 0.10691999999999979,
      "count": 297,
      "funding": 0.0026304329999999997,
      "gross": 0.6842756724398401,
      "net": 0.5799861054398395
    },
    "DOGE-PERP": {
      "cost": 0.047879999999999916,
      "count": 133,
      "funding": -0.0006853770000000005,
      "gross": 0.5998414118200515,
      "net": 0.5512760348200514
    },
    "ETH-PERP": {
      "cost": 0.007200000000000001,
      "count": 20,
      "funding": -0.0005095980000000002,
      "gross": -0.006660507018539017,
      "net": -0.014370105018538994
    },
    "LINK-PERP": {
      "cost": 0.04535999999999992,
      "count": 126,
      "funding": -0.0003035310000000002,
      "gross": 0.32328719594062033,
      "net": 0.2776236649406206
    }
  },
  "concentration": {
    "top_5_losers_net": -0.14938714223307548,
    "top_5_winners_net": 0.19765558089909338,
    "top_loser_net": -0.038125348614469784,
    "top_winner_net": 0.042056589991081014
  },
  "cost_funding_breakdown": {
    "cost": 0.20736000000000002,
    "cost_fraction_of_abs_gross": 0.129539782364924,
    "funding": 0.0011319269999999998,
    "gross": 1.6007437731819727,
    "net": 1.3945157001819728
  },
  "economic_slices": {
    "basis": "engine_trade_ledger",
    "by_direction": {
      "long": {
        "average_loss_net": -0.0054084188378940344,
        "average_trade_net": 0.0024210342017048137,
        "average_win_net": 0.007934081016570274,
        "count": 576,
        "flat_trade_count": 0,
        "hit_rate": 0.5868055555555556,
        "losing_trade_count": 238,
        "net_sum": 1.3945157001819728,
        "winning_trade_count": 338
      }
    },
    "by_exit_reason": {
      "max_hold": {
        "average_loss_net": -0.0054084188378940344,
        "average_trade_net": 0.0024210342017048137,
        "average_win_net": 0.007934081016570274,
        "count": 576,
        "flat_trade_count": 0,
        "hit_rate": 0.5868055555555556,
        "losing_trade_count": 238,
        "net_sum": 1.3945157001819728,
        "winning_trade_count": 338
      }
    },
    "by_symbol": {
      "ADA-PERP": {
        "average_loss_net": -0.004766224001612107,
        "average_trade_net": 0.00195281516983111,
        "average_win_net": 0.007784434073347863,
        "count": 297,
        "flat_trade_count": 0,
        "hit_rate": 0.5353535353535354,
        "losing_trade_count": 138,
        "net_sum": 0.5799861054398396,
        "winning_trade_count": 159
      },
      "DOGE-PERP": {
        "average_loss_net": -0.005476517177045941,
        "average_trade_net": 0.0041449325926319665,
        "average_win_net": 0.008136810688562162,
        "count": 133,
        "flat_trade_count": 0,
        "hit_rate": 0.706766917293233,
        "losing_trade_count": 39,
        "net_sum": 0.5512760348200515,
        "winning_trade_count": 94
      },
      "ETH-PERP": {
        "average_loss_net": -0.006696279517831066,
        "average_trade_net": -0.0007185052509269502,
        "average_win_net": 0.017214817549785398,
        "count": 20,
        "flat_trade_count": 0,
        "hit_rate": 0.25,
        "losing_trade_count": 15,
        "net_sum": -0.014370105018539003,
        "winning_trade_count": 5
      },
      "LINK-PERP": {
        "average_loss_net": -0.0068573132287837344,
        "average_trade_net": 0.002203362420163655,
        "average_win_net": 0.007413250918308403,
        "count": 126,
        "flat_trade_count": 0,
        "hit_rate": 0.6349206349206349,
        "losing_trade_count": 46,
        "net_sum": 0.2776236649406205,
        "winning_trade_count": 80
      }
    },
    "schema_version": "quant_strategies.runner.economic_slices/v1",
    "win_loss_distribution": {
      "largest_loss_net": -0.038125348614469784,
      "largest_win_net": 0.042056589991081014,
      "median_trade_net": 0.0015772637572034867,
      "sum_negative_net": -1.28720368341878,
      "sum_positive_net": 2.6817193836007527
    }
  },
  "evidence_quality": {
    "availability_coverage": {
      "field": "available_at",
      "fraction": 1.0,
      "present": 2203108,
      "total": 2203108
    },
    "candidate_probe_count": null,
    "causality_check": "off",
    "causality_verified": false,
    "data_availability_status": "complete",
    "deterministic_replay_verified": false,
    "elapsed_seconds": null,
    "emitted_replay_verified": false,
    "evidence_quality_warnings": [
      "causality_replay_skipped",
      "runner_causality_not_verified"
    ],
    "replay_scope": "off",
    "replay_warning": null,
    "row_contract": {
      "data_kind": "crypto_perp_funding",
      "duplicate_key_count": 0,
      "funding_event_missing_fields": {},
      "issue_count": 0,
      "issue_reasons": {},
      "issue_sample_count": 0,
      "issues": [],
      "issues_truncated": false,
      "missing_required_fields": {},
      "quant_data_feedback": [],
      "required_fields": [
        "symbol",
        "timestamp",
        "open",
        "high",
        "low",
        "close",
        "has_funding_event",
        "available_at"
      ],
      "status": "passed",
      "timestamp_status": "aware"
    },
    "selected_probe_count": null,
    "skipped_probe_count": 0,
    "skipped_probe_reasons": [],
    "strict_no_emission_verified": false,
    "strict_probe_count": null,
    "strict_probe_limit": null,
    "strict_replay_capped": false,
    "timed_out": false,
    "timeout_seconds": null
  },
  "holding_period": {
    "average_seconds": 39349.6875,
    "count": 576,
    "max_seconds": 50580.0,
    "median_seconds": 28800.0,
    "min_seconds": 28800.0
  },
  "quick_checks": true,
  "replayable_from_artifacts": false,
  "sample_trades": {
    "largest_losers": [
      {
        "cost_return": 0.00036,
        "decision_id": "crypto_perp_funding_crowding_reversal_stateful_rebalance:72499f7a1b2b9c9a",
        "decision_time": "2025-03-10T11:41:00Z",
        "entry_time": "2025-03-10T11:42:00Z",
        "exit_reason": "max_hold",
        "exit_time": "2025-03-11T01:45:00Z",
        "funding_return": 0.000143472,
        "gross_return": -0.03790882061446978,
        "net_return": -0.038125348614469784,
        "side": "long",
        "symbol": "LINK-PERP",
        "weight": 0.30000000000000004
      },
      {
        "cost_return": 0.00036,
        "decision_id": "crypto_perp_funding_crowding_reversal_stateful_rebalance:87c42bf4144ddd39",
        "decision_time": "2025-03-10T13:21:00Z",
        "entry_time": "2025-03-10T13:22:00Z",
        "exit_reason": "max_hold",
        "exit_time": "2025-03-11T03:25:00Z",
        "funding_return": 0.000143472,
        "gross_return": -0.030410782134920065,
        "net_return": -0.030627310134920066,
        "side": "long",
        "symbol": "LINK-PERP",
        "weight": 0.30000000000000004
      },
      {
        "cost_return": 0.00036,
        "decision_id": "crypto_perp_funding_crowding_reversal_stateful_rebalance:4680841a836666e2",
        "decision_time": "2025-03-10T08:21:00Z",
        "entry_time": "2025-03-10T08:22:00Z",
        "exit_reason": "max_hold",
        "exit_time": "2025-03-10T22:25:00Z",
        "funding_return": 6.983700000000002e-05,
        "gross_return": -0.026871428571428567,
        "net_return": -0.027161591571428566,
        "side": "long",
        "symbol": "LINK-PERP",
        "weight": 0.30000000000000004
      },
      {
        "cost_return": 0.00036,