{
  "artifact_profile": "diagnostic",
  "assessment_status": "quick_check_unverified",
  "by_direction": {
    "long": {
      "cost": 0.18671999999999822,
      "count": 778,
      "funding": 0.001967405999999989,
      "gross": 1.036976724533912,
      "net": 0.8522241305339123
    }
  },
  "by_exit_reason": {
    "max_hold": {
      "cost": 0.18671999999999822,
      "count": 778,
      "funding": 0.001967405999999989,
      "gross": 1.036976724533912,
      "net": 0.8522241305339123
    }
  },
  "by_symbol": {
    "ADA-PERP": {
      "cost": 0.09048000000000016,
      "count": 377,
      "funding": 0.0021370459999999983,
      "gross": 0.34539015425058234,
      "net": 0.2570472002505823
    },
    "BTC-PERP": {
      "cost": 0.01824000000000002,
      "count": 76,
      "funding": 3.8393999999999985e-05,
      "gross": 0.03983876427332439,
      "net": 0.02163715827332439
    },
    "DOGE-PERP": {
      "cost": 0.036959999999999986,
      "count": 154,
      "funding": 2.803999999999999e-06,
      "gross": 0.33573662081360417,
      "net": 0.29877942481360403
    },
    "ETH-PERP": {
      "cost": 0.005759999999999996,
      "count": 24,
      "funding": -6.934200000000001e-05,
      "gross": 0.05387446948033435,
      "net": 0.04804512748033434
    },
    "LINK-PERP": {
      "cost": 0.035280000000000006,
      "count": 147,
      "funding": -0.00014149599999999988,
      "gross": 0.2621367157160677,
      "net": 0.22671521971606767
    }
  },
  "concentration": {
    "top_5_losers_net": -0.07735234667199535,
    "top_5_winners_net": 0.12748484077495442,
    "top_loser_net": -0.01836103957945042,
    "top_winner_net": 0.026783315461056407
  },
  "cost_funding_breakdown": {
    "cost": 0.18672,
    "cost_fraction_of_abs_gross": 0.18006190069880745,
    "funding": 0.001967406,
    "gross": 1.0369767245339128,
    "net": 0.8522241305339129
  },
  "economic_slices": {
    "basis": "engine_trade_ledger",
    "by_direction": {
      "long": {
        "average_loss_net": -0.0032091499874024564,
        "average_trade_net": 0.0010954037667531013,
        "average_win_net": 0.004670715473145835,
        "count": 778,
        "flat_trade_count": 0,
        "hit_rate": 0.5462724935732648,
        "losing_trade_count": 353,
        "net_sum": 0.8522241305339129,
        "winning_trade_count": 425
      }
    },
    "by_exit_reason": {
      "max_hold": {
        "average_loss_net": -0.0032091499874024564,
        "average_trade_net": 0.0010954037667531013,
        "average_win_net": 0.004670715473145835,
        "count": 778,
        "flat_trade_count": 0,
        "hit_rate": 0.5462724935732648,
        "losing_trade_count": 353,
        "net_sum": 0.8522241305339129,
        "winning_trade_count": 425
      }
    },
    "by_symbol": {
      "ADA-PERP": {
        "average_loss_net": -0.003559541128594836,
        "average_trade_net": 0.0006818228123357622,
        "average_win_net": 0.00472540294254939,
        "count": 377,
        "flat_trade_count": 0,
        "hit_rate": 0.5119363395225465,
        "losing_trade_count": 184,
        "net_sum": 0.25704720025058236,
        "winning_trade_count": 193
      },
      "BTC-PERP": {
        "average_loss_net": -0.0013319317348660618,
        "average_trade_net": 0.00028469945096479455,
        "average_win_net": 0.0029047568900699753,
        "count": 76,
        "flat_trade_count": 0,
        "hit_rate": 0.3815789473684211,
        "losing_trade_count": 47,
        "net_sum": 0.021637158273324384,
        "winning_trade_count": 29
      },
      "DOGE-PERP": {
        "average_loss_net": -0.0030624841287452105,
        "average_trade_net": 0.001940126135153273,
        "average_win_net": 0.004641535677658454,
        "count": 154,
        "flat_trade_count": 0,
        "hit_rate": 0.6493506493506493,
        "losing_trade_count": 54,
        "net_sum": 0.29877942481360403,
        "winning_trade_count": 100
      },
      "ETH-PERP": {
        "average_loss_net": -0.002224690472742676,
        "average_trade_net": 0.0020018803116805977,
        "average_win_net": 0.010455021880527144,
        "count": 24,
        "flat_trade_count": 0,
        "hit_rate": 0.3333333333333333,
        "losing_trade_count": 16,
        "net_sum": 0.04804512748033435,
        "winning_trade_count": 8
      },
      "LINK-PERP": {
        "average_loss_net": -0.004121238381476693,
        "average_trade_net": 0.0015422804062317534,
        "average_win_net": 0.00464231174266164,
        "count": 147,
        "flat_trade_count": 0,
        "hit_rate": 0.6462585034013606,
        "losing_trade_count": 52,
        "net_sum": 0.22671521971606776,
        "winning_trade_count": 95
      }
    },
    "schema_version": "quant_strategies.runner.economic_slices/v1",
    "win_loss_distribution": {
      "largest_loss_net": -0.01836103957945042,
      "largest_win_net": 0.026783315461056407,
      "median_trade_net": 0.0004332449007242656,
      "sum_negative_net": -1.132829945553067,
      "sum_positive_net": 1.98505407608698
    }
  },
  "evidence_quality": {
    "availability_coverage": {
      "field": "available_at",
      "fraction": 1.0,
      "present": 2203108,
      "total": 2203108
    },
    "causality_check": "off",
    "causality_verified": false,
    "data_availability_status": "complete",
    "deterministic_replay_verified": false,
    "emitted_replay_verified": false,
    "evidence_quality_warnings": [
      "causality_replay_skipped",
      "runner_causality_not_verified"
    ],
    "row_contract": {
      "data_kind": "crypto_perp_funding",
      "duplicate_key_count": 0,
      "funding_event_missing_fields": {},
      "issue_count": 0,
      "issue_reasons": {},
      "issue_sample_count": 0,
      "issues": [],
      "issues_truncated": false,
      "missing_required_fields": {},
      "quant_data_feedback": [],
      "required_fields": [
        "symbol",
        "timestamp",
        "open",
        "high",
        "low",
        "close",
        "has_funding_event",
        "available_at"
      ],
      "status": "passed",
      "timestamp_status": "aware"
    },
    "skipped_probe_count": 0,
    "skipped_probe_reasons": [],
    "strict_no_emission_verified": false,
    "strict_probe_count": null,
    "strict_probe_limit": null,
    "strict_replay_capped": false
  },
  "holding_period": {
    "average_seconds": 28800.0,
    "count": 778,
    "max_seconds": 28800.0,
    "median_seconds": 28800.0,
    "min_seconds": 28800.0
  },
  "quick_checks": true,
  "replayable_from_artifacts": false,
  "sample_trades": {
    "largest_losers": [
      {
        "cost_return": 0.00023999999999999998,
        "decision_id": "crypto_perp_funding_crowding_reversal_stateful_rebalance:1ac71b1c56436cac",
        "decision_time": "2025-03-06T16:31:00Z",
        "entry_time": "2025-03-06T16:32:00Z",
        "exit_reason": "max_hold",
        "exit_time": "2025-03-07T00:32:00Z",
        "funding_return": 3.9056e-05,
        "gross_return": -0.01816009557945042,
        "net_return": -0.01836103957945042,
        "side": "long",
        "symbol": "ADA-PERP",
        "weight": 0.2
      },
      {
        "cost_return": 0.00023999999999999998,
        "decision_id": "crypto_perp_funding_crowding_reversal_stateful_rebalance:3c386db420983c85",
        "decision_time": "2025-03-09T09:01:00Z",
        "entry_time": "2025-03-09T09:02:00Z",
        "exit_reason": "max_hold",
        "exit_time": "2025-03-09T17:02:00Z",
        "funding_return": -8.96e-06,
        "gross_return": -0.015784908933217715,
        "net_return": -0.016033868933217715,
        "side": "long",
        "symbol": "ADA-PERP",
        "weight": 0.2
      },
      {
        "cost_return": 0.00023999999999999998,
        "decision_id": "crypto_perp_funding_crowding_reversal_stateful_rebalance:27f03bd1b3d1d9ee",
        "decision_time": "2025-12-10T21:01:00Z",
        "entry_time": "2025-12-10T21:02:00Z",
        "exit_reason": "max_hold",