{
  "artifact_profile": "diagnostic",
  "assessment_status": "quick_check_failed",
  "by_direction": {
    "long": {
      "cost": 0.0,
      "count": 236,
      "funding": 0.0,
      "gross": -0.0022521913847899444,
      "net": -0.0022521913847899444
    },
    "short": {
      "cost": 0.0,
      "count": 224,
      "funding": 0.0,
      "gross": -0.006410522818990347,
      "net": -0.006410522818990347
    }
  },
  "by_exit_reason": {
    "max_hold": {
      "cost": 0.0,
      "count": 92,
      "funding": 0.0,
      "gross": 0.003590415845257619,
      "net": 0.003590415845257619
    },
    "stop_loss": {
      "cost": 0.0,
      "count": 239,
      "funding": 0.0,
      "gross": -0.054988977753201954,
      "net": -0.054988977753201954
    },
    "take_profit": {
      "cost": 0.0,
      "count": 129,
      "funding": 0.0,
      "gross": 0.042735847704163964,
      "net": 0.042735847704163964
    }
  },
  "by_symbol": {
    "AUDUSD": {
      "cost": 0.0,
      "count": 76,
      "funding": 0.0,
      "gross": 0.0013306483460810352,
      "net": 0.0013306483460810352
    },
    "EURUSD": {
      "cost": 0.0,
      "count": 111,
      "funding": 0.0,
      "gross": 0.0015152394217640974,
      "net": 0.0015152394217640974
    },
    "GBPUSD": {
      "cost": 0.0,
      "count": 114,
      "funding": 0.0,
      "gross": -0.0035978765727209963,
      "net": -0.0035978765727209963
    },
    "USDCAD": {
      "cost": 0.0,
      "count": 77,
      "funding": 0.0,
      "gross": -0.0028829786025852105,
      "net": -0.0028829786025852105
    },
    "USDJPY": {
      "cost": 0.0,
      "count": 82,
      "funding": 0.0,
      "gross": -0.005027746796319224,
      "net": -0.005027746796319224
    }
  },
  "concentration": {
    "top_5_losers_net": -0.0025441674329013185,
    "top_5_winners_net": 0.002812229315534905,
    "top_loser_net": -0.0007232671490939612,
    "top_winner_net": 0.0010690072298646935
  },
  "cost_funding_breakdown": {
    "cost": 0.0,
    "cost_fraction_of_abs_gross": 0.0,
    "funding": 0.0,
    "gross": -0.008662714203780293,
    "net": -0.008662714203780293
  },
  "economic_slices": {
    "basis": "engine_trade_ledger",
    "by_direction": {
      "long": {
        "average_loss_net": -0.0002124939473602592,
        "average_trade_net": -9.543183833855697e-06,
        "average_win_net": 0.0002643449150884505,
        "count": 236,
        "flat_trade_count": 1,
        "hit_rate": 0.423728813559322,
        "losing_trade_count": 135,
        "net_sum": -0.0022521913847899444,
        "winning_trade_count": 100
      },
      "short": {
        "average_loss_net": -0.00020858503285344,
        "average_trade_net": -2.86184054419212e-05,
        "average_win_net": 0.0002656799617369154,
        "count": 224,
        "flat_trade_count": 0,
        "hit_rate": 0.3794642857142857,
        "losing_trade_count": 139,
        "net_sum": -0.006410522818990349,
        "winning_trade_count": 85
      }
    },
    "by_exit_reason": {
      "max_hold": {
        "average_loss_net": -7.68864202017503e-05,
        "average_trade_net": 3.902625918758282e-05,
        "average_win_net": 0.00011216858129140858,
        "count": 92,
        "flat_trade_count": 1,
        "hit_rate": 0.6086956521739131,
        "losing_trade_count": 35,
        "net_sum": 0.0035904158452576196,
        "winning_trade_count": 56
      },
      "stop_loss": {
        "average_loss_net": -0.0002300794048251125,
        "average_trade_net": -0.0002300794048251125,
        "average_win_net": null,
        "count": 239,
        "flat_trade_count": 0,
        "hit_rate": 0.0,
        "losing_trade_count": 239,
        "net_sum": -0.05498897775320189,
        "winning_trade_count": 0
      },
      "take_profit": {
        "average_loss_net": null,
        "average_trade_net": 0.0003312856411175502,
        "average_win_net": 0.0003312856411175502,
        "count": 129,
        "flat_trade_count": 0,
        "hit_rate": 1.0,
        "losing_trade_count": 0,
        "net_sum": 0.04273584770416398,
        "winning_trade_count": 129
      }
    },
    "by_symbol": {
      "AUDUSD": {
        "average_loss_net": -0.00021301799402365155,
        "average_trade_net": 1.7508530869487298e-05,
        "average_win_net": 0.0002960113559132573,
        "count": 76,
        "flat_trade_count": 1,
        "hit_rate": 0.4473684210526316,
        "losing_trade_count": 41,
        "net_sum": 0.0013306483460810347,
        "winning_trade_count": 34
      },
      "EURUSD": {
        "average_loss_net": -0.00022643069923960931,
        "average_trade_net": 1.3650805601478365e-05,
        "average_win_net": 0.00026707017182262644,
        "count": 111,
        "flat_trade_count": 0,
        "hit_rate": 0.4864864864864865,
        "losing_trade_count": 57,
        "net_sum": 0.0015152394217640985,
        "winning_trade_count": 54
      },
      "GBPUSD": {
        "average_loss_net": -0.00022814106667415663,
        "average_trade_net": -3.156032081334206e-05,
        "average_win_net": 0.00026986348950657364,
        "count": 114,
        "flat_trade_count": 0,
        "hit_rate": 0.39473684210526316,
        "losing_trade_count": 69,
        "net_sum": -0.003597876572720995,
        "winning_trade_count": 45
      },
      "USDCAD": {
        "average_loss_net": -0.0001541083526331508,
        "average_trade_net": -3.7441280553054675e-05,
        "average_win_net": 0.00016672609558711354,
        "count": 77,
        "flat_trade_count": 0,
        "hit_rate": 0.36363636363636365,
        "losing_trade_count": 49,
        "net_sum": -0.00288297860258521,
        "winning_trade_count": 28
      },
      "USDJPY": {
        "average_loss_net": -0.0002197702063636985,
        "average_trade_net": -6.131398532096611e-05,
        "average_win_net": 0.0003216218821989704,
        "count": 82,
        "flat_trade_count": 0,
        "hit_rate": 0.2926829268292683,
        "losing_trade_count": 58,
        "net_sum": -0.005027746796319221,
        "winning_trade_count": 24
      }
    },
    "schema_version": "quant_strategies.runner.economic_slices/v1",
    "win_loss_distribution": {
      "largest_loss_net": -0.0007232671490939612,
      "largest_win_net": 0.0010690072298646935,
      "median_trade_net": -0.00020091173492860665,
      "sum_negative_net": -0.057680002460263155,
      "sum_positive_net": 0.04901728825648286
    }
  },
  "evidence_quality": {
    "availability_coverage": {
      "field": "available_at",
      "fraction": 1.0,
      "present": 1543075,
      "total": 1543075
    },
    "candidate_probe_count": null,
    "causality_check": "off",
    "causality_verified": false,
    "data_availability_status": "complete",
    "deterministic_replay_verified": false,
    "elapsed_seconds": null,
    "emitted_replay_verified": false,
    "evidence_quality_warnings": [
      "causality_replay_skipped",
      "runner_causality_not_verified"
    ],
    "replay_scope": "off",
    "replay_warning": null,
    "row_contract": {
      "data_kind": "forex_with_quotes",
      "duplicate_key_count": 0,
      "funding_event_missing_fields": {},
      "issue_count": 0,
      "issue_reasons": {},
      "issue_sample_count": 0,
      "issues": [],
      "issues_truncated": false,
      "missing_required_fields": {},
      "quant_data_feedback": [],
      "required_fields": [
        "symbol",
        "timestamp",
        "open",
        "high",
        "low",
        "close",
        "bid",
        "ask",
        "mid",
        "available_at"
      ],
      "status": "passed",
      "timestamp_status": "aware"
    },
    "selected_probe_count": null,
    "skipped_probe_count": 0,
    "skipped_probe_reasons": [],
    "strict_no_emission_verified": false,
    "strict_probe_count": null,
    "strict_probe_limit": null,
    "strict_replay_capped": false,
    "timed_out": false,
    "timeout_seconds": null
  },
  "holding_period": {
    "average_seconds": 4912.173913043478,
    "count": 460,