{
  "artifact_profile": "diagnostic",
  "assessment_status": "quick_check_unverified",
  "by_direction": {
    "long": {
      "cost": 0.09755999999999981,
      "count": 271,
      "funding": 0.003949809000000004,
      "gross": 0.6155757005174562,
      "net": 0.5219655095174557
    }
  },
  "by_exit_reason": {
    "max_hold": {
      "cost": 0.09755999999999981,
      "count": 271,
      "funding": 0.003949809000000004,
      "gross": 0.6155757005174562,
      "net": 0.5219655095174557
    }
  },
  "by_symbol": {
    "ADA-PERP": {
      "cost": 0.0550799999999999,
      "count": 153,
      "funding": 0.003196562999999998,
      "gross": 0.28231244259716204,
      "net": 0.23042900559716226
    },
    "DOGE-PERP": {
      "cost": 0.015119999999999984,
      "count": 42,
      "funding": 0.000269646,
      "gross": 0.12148126569532008,
      "net": 0.10663091169532009
    },
    "ETH-PERP": {
      "cost": 0.00468,
      "count": 13,
      "funding": -0.00011961300000000002,
      "gross": 0.08330455402555278,
      "net": 0.07850494102555279
    },
    "LINK-PERP": {
      "cost": 0.022679999999999968,
      "count": 63,
      "funding": 0.0006032129999999996,
      "gross": 0.1284774381994208,
      "net": 0.10640065119942078
    }
  },
  "concentration": {
    "top_5_losers_net": -0.11516630304415384,
    "top_5_winners_net": 0.20195102790141853,
    "top_loser_net": -0.027813878135211658,
    "top_winner_net": 0.042056589991081014
  },
  "cost_funding_breakdown": {
    "cost": 0.09756000000000001,
    "cost_fraction_of_abs_gross": 0.15848578804847335,
    "funding": 0.003949809,
    "gross": 0.6155757005174558,
    "net": 0.5219655095174558
  },
  "economic_slices": {
    "basis": "engine_trade_ledger",
    "by_direction": {
      "long": {
        "average_loss_net": -0.00622609960695469,
        "average_trade_net": 0.0019260719908393202,
        "average_win_net": 0.0072448668747658995,
        "count": 271,
        "flat_trade_count": 0,
        "hit_rate": 0.6051660516605166,
        "losing_trade_count": 107,
        "net_sum": 0.5219655095174558,
        "winning_trade_count": 164
      }
    },
    "by_exit_reason": {
      "max_hold": {
        "average_loss_net": -0.00622609960695469,
        "average_trade_net": 0.0019260719908393202,
        "average_win_net": 0.0072448668747658995,
        "count": 271,
        "flat_trade_count": 0,
        "hit_rate": 0.6051660516605166,
        "losing_trade_count": 107,
        "net_sum": 0.5219655095174558,
        "winning_trade_count": 164
      }
    },
    "by_symbol": {
      "ADA-PERP": {
        "average_loss_net": -0.005788536834981751,
        "average_trade_net": 0.0015060719320075956,
        "average_win_net": 0.007990168613775904,
        "count": 153,
        "flat_trade_count": 0,
        "hit_rate": 0.5294117647058824,
        "losing_trade_count": 72,
        "net_sum": 0.23042900559716212,
        "winning_trade_count": 81
      },
      "DOGE-PERP": {
        "average_loss_net": -0.004069169044372823,
        "average_trade_net": 0.0025388312308409536,
        "average_win_net": 0.005842831368447842,
        "count": 42,
        "flat_trade_count": 0,
        "hit_rate": 0.6666666666666666,
        "losing_trade_count": 14,
        "net_sum": 0.10663091169532005,
        "winning_trade_count": 28
      },
      "ETH-PERP": {
        "average_loss_net": -0.005298761294168035,
        "average_trade_net": 0.006038841617350216,
        "average_win_net": 0.01926604501412151,
        "count": 13,
        "flat_trade_count": 0,
        "hit_rate": 0.46153846153846156,
        "losing_trade_count": 7,
        "net_sum": 0.0785049410255528,
        "winning_trade_count": 6
      },
      "LINK-PERP": {
        "average_loss_net": -0.011097022153219283,
        "average_trade_net": 0.0016888992253876324,
        "average_win_net": 0.005342019619275322,
        "count": 63,
        "flat_trade_count": 0,
        "hit_rate": 0.7777777777777778,
        "losing_trade_count": 14,
        "net_sum": 0.10640065119942084,
        "winning_trade_count": 49
      }
    },
    "schema_version": "quant_strategies.runner.economic_slices/v1",
    "win_loss_distribution": {
      "largest_loss_net": -0.027813878135211658,
      "largest_win_net": 0.042056589991081014,
      "median_trade_net": 0.001742217327191964,
      "sum_negative_net": -0.6661926579441518,
      "sum_positive_net": 1.1881581674616075
    }
  },
  "evidence_quality": {
    "availability_coverage": {
      "field": "available_at",
      "fraction": 1.0,
      "present": 2203108,
      "total": 2203108
    },
    "causality_check": "off",
    "causality_verified": false,
    "data_availability_status": "complete",
    "deterministic_replay_verified": false,
    "emitted_replay_verified": false,
    "evidence_quality_warnings": [
      "causality_replay_skipped",
      "runner_causality_not_verified"
    ],
    "row_contract": {
      "data_kind": "crypto_perp_funding",
      "duplicate_key_count": 0,
      "funding_event_missing_fields": {},
      "issue_count": 0,
      "issue_reasons": {},
      "issue_sample_count": 0,
      "issues": [],
      "issues_truncated": false,
      "missing_required_fields": {},
      "quant_data_feedback": [],
      "required_fields": [
        "symbol",
        "timestamp",
        "open",
        "high",
        "low",
        "close",
        "has_funding_event",
        "available_at"
      ],
      "status": "passed",
      "timestamp_status": "aware"
    },
    "skipped_probe_count": 0,
    "skipped_probe_reasons": [],
    "strict_no_emission_verified": false,
    "strict_probe_count": null,
    "strict_probe_limit": null,
    "strict_replay_capped": false
  },
  "holding_period": {
    "average_seconds": 28800.0,
    "count": 271,
    "max_seconds": 28800.0,
    "median_seconds": 28800.0,
    "min_seconds": 28800.0
  },
  "quick_checks": true,
  "replayable_from_artifacts": false,
  "sample_trades": {
    "largest_losers": [
      {
        "cost_return": 0.00036,
        "decision_id": "crypto_perp_funding_crowding_reversal_stateful_rebalance:2c9d57f7a0c23424",
        "decision_time": "2025-03-10T11:41:00Z",
        "entry_time": "2025-03-10T11:42:00Z",
        "exit_reason": "max_hold",
        "exit_time": "2025-03-10T19:42:00Z",
        "funding_return": 6.983700000000002e-05,
        "gross_return": -0.02752371513521166,
        "net_return": -0.027813878135211658,
        "side": "long",
        "symbol": "LINK-PERP",
        "weight": 0.30000000000000004
      },
      {
        "cost_return": 0.00036,
        "decision_id": "crypto_perp_funding_crowding_reversal_stateful_rebalance:64fb3db4024069ac",
        "decision_time": "2025-03-10T13:21:00Z",
        "entry_time": "2025-03-10T13:22:00Z",
        "exit_reason": "max_hold",
        "exit_time": "2025-03-10T21:22:00Z",
        "funding_return": 6.983700000000002e-05,
        "gross_return": -0.02466843501326261,
        "net_return": -0.02495859801326261,
        "side": "long",
        "symbol": "LINK-PERP",
        "weight": 0.30000000000000004
      },
      {
        "cost_return": 0.00036,
        "decision_id": "crypto_perp_funding_crowding_reversal_stateful_rebalance:8016dfdfc3a1a9d7",
        "decision_time": "2025-03-10T11:41:00Z",
        "entry_time": "2025-03-10T11:42:00Z",
        "exit_reason": "max_hold",
        "exit_time": "2025-03-10T19:42:00Z",
        "funding_return": 2.9949000000000004e-05,
        "gross_return": -0.024210385438972176,
        "net_return": -0.024540436438972173,
        "side": "long",
        "symbol": "ADA-PERP",
        "weight": 0.30000000000000004
      },
      {
        "cost_return": 0.00036,
        "decision_id": "crypto_perp_funding_crowding_reversal_stateful_rebalance:dabdcde863a7ec5c",
        "decision_time": "2025-12-10T23:21:00Z",
        "entry_time": "2025-12-10T23:22:00Z",
        "exit_reason": "max_hold",
        "exit_time": "2025-12-11T07:22:00Z",