{
  "artifact_profile": "diagnostic",
  "assessment_status": "quick_check_unverified",
  "by_direction": {
    "long": {
      "cost": 0.20735999999999957,
      "count": 576,
      "funding": 0.0011319270000000026,
      "gross": 1.6276637127125237,
      "net": 1.4214356397125236
    }
  },
  "by_exit_reason": {
    "max_hold": {
      "cost": 0.20735999999999957,
      "count": 576,
      "funding": 0.0011319270000000026,
      "gross": 1.6276637127125237,
      "net": 1.4214356397125236
    }
  },
  "by_symbol": {
    "ADA-PERP": {
      "cost": 0.10691999999999979,
      "count": 297,
      "funding": 0.0026304329999999997,
      "gross": 0.6842756724398401,
      "net": 0.5799861054398395
    },
    "DOGE-PERP": {
      "cost": 0.047879999999999916,
      "count": 133,
      "funding": -0.0006853770000000005,
      "gross": 0.6062668552173066,
      "net": 0.5577014782173069
    },
    "ETH-PERP": {
      "cost": 0.007200000000000001,
      "count": 20,
      "funding": -0.0005095980000000002,
      "gross": -0.0039781838332775855,
      "net": -0.011687781833277571
    },
    "LINK-PERP": {
      "cost": 0.04535999999999992,
      "count": 126,
      "funding": -0.0003035310000000002,
      "gross": 0.34109936888865583,
      "net": 0.29543583788865596
    }
  },
  "concentration": {
    "top_5_losers_net": -0.14198268751634752,
    "top_5_winners_net": 0.19478831446636713,
    "top_loser_net": -0.034153948359620545,
    "top_winner_net": 0.042056589991081014
  },
  "cost_funding_breakdown": {
    "cost": 0.20736000000000002,
    "cost_fraction_of_abs_gross": 0.12739732315739327,
    "funding": 0.0011319269999999998,
    "gross": 1.6276637127125244,
    "net": 1.4214356397125245
  },
  "economic_slices": {
    "basis": "engine_trade_ledger",
    "by_direction": {
      "long": {
        "average_loss_net": -0.00549188806007649,
        "average_trade_net": 0.002467770207834244,
        "average_win_net": 0.007913852180615272,
        "count": 576,
        "flat_trade_count": 0,
        "hit_rate": 0.59375,
        "losing_trade_count": 234,
        "net_sum": 1.4214356397125245,
        "winning_trade_count": 342
      }
    },
    "by_exit_reason": {
      "max_hold": {
        "average_loss_net": -0.00549188806007649,
        "average_trade_net": 0.002467770207834244,
        "average_win_net": 0.007913852180615272,
        "count": 576,
        "flat_trade_count": 0,
        "hit_rate": 0.59375,
        "losing_trade_count": 234,
        "net_sum": 1.4214356397125245,
        "winning_trade_count": 342
      }
    },
    "by_symbol": {
      "ADA-PERP": {
        "average_loss_net": -0.004766224001612107,
        "average_trade_net": 0.00195281516983111,
        "average_win_net": 0.007784434073347863,
        "count": 297,
        "flat_trade_count": 0,
        "hit_rate": 0.5353535353535354,
        "losing_trade_count": 138,
        "net_sum": 0.5799861054398396,
        "winning_trade_count": 159
      },
      "DOGE-PERP": {
        "average_loss_net": -0.005720741336610275,
        "average_trade_net": 0.004193244197122605,
        "average_win_net": 0.008158838410615758,
        "count": 133,
        "flat_trade_count": 0,
        "hit_rate": 0.7142857142857143,
        "losing_trade_count": 38,
        "net_sum": 0.5577014782173065,
        "winning_trade_count": 95
      },
      "ETH-PERP": {
        "average_loss_net": -0.0064872284017488254,
        "average_trade_net": -0.0005843890916638788,
        "average_win_net": 0.01712412883859096,
        "count": 20,
        "flat_trade_count": 0,
        "hit_rate": 0.25,
        "losing_trade_count": 15,
        "net_sum": -0.011687781833277575,
        "winning_trade_count": 5
      },
      "LINK-PERP": {
        "average_loss_net": -0.0072713092329768645,
        "average_trade_net": 0.0023447288721321893,
        "average_win_net": 0.0073265317458633865,
        "count": 126,
        "flat_trade_count": 0,
        "hit_rate": 0.6587301587301587,
        "losing_trade_count": 43,
        "net_sum": 0.29543583788865585,
        "winning_trade_count": 83
      }
    },
    "schema_version": "quant_strategies.runner.economic_slices/v1",
    "win_loss_distribution": {
      "largest_loss_net": -0.034153948359620545,
      "largest_win_net": 0.042056589991081014,
      "median_trade_net": 0.0019316058354579403,
      "sum_negative_net": -1.2851018060578987,
      "sum_positive_net": 2.706537445770423
    }
  },
  "evidence_quality": {
    "availability_coverage": {
      "field": "available_at",
      "fraction": 1.0,
      "present": 2203108,
      "total": 2203108
    },
    "candidate_probe_count": null,
    "causality_check": "off",
    "causality_verified": false,
    "data_availability_status": "complete",
    "deterministic_replay_verified": false,
    "elapsed_seconds": null,
    "emitted_replay_verified": false,
    "evidence_quality_warnings": [
      "causality_replay_skipped",
      "runner_causality_not_verified"
    ],
    "replay_scope": "off",
    "replay_warning": null,
    "row_contract": {
      "data_kind": "crypto_perp_funding",
      "duplicate_key_count": 0,
      "funding_event_missing_fields": {},
      "issue_count": 0,
      "issue_reasons": {},
      "issue_sample_count": 0,
      "issues": [],
      "issues_truncated": false,
      "missing_required_fields": {},
      "quant_data_feedback": [],
      "required_fields": [
        "symbol",
        "timestamp",
        "open",
        "high",
        "low",
        "close",
        "has_funding_event",
        "available_at"
      ],
      "status": "passed",
      "timestamp_status": "aware"
    },
    "selected_probe_count": null,
    "skipped_probe_count": 0,
    "skipped_probe_reasons": [],
    "strict_no_emission_verified": false,
    "strict_probe_count": null,
    "strict_probe_limit": null,
    "strict_replay_capped": false,
    "timed_out": false,
    "timeout_seconds": null
  },
  "holding_period": {
    "average_seconds": 41006.25,
    "count": 576,
    "max_seconds": 54000.0,
    "median_seconds": 28800.0,
    "min_seconds": 28800.0
  },
  "quick_checks": true,
  "replayable_from_artifacts": false,
  "sample_trades": {
    "largest_losers": [
      {
        "cost_return": 0.00036,
        "decision_id": "crypto_perp_funding_crowding_reversal_stateful_rebalance:a9561f61bd55ab27",
        "decision_time": "2025-03-10T11:41:00Z",
        "entry_time": "2025-03-10T11:42:00Z",
        "exit_reason": "max_hold",
        "exit_time": "2025-03-11T02:42:00Z",
        "funding_return": 0.000143472,
        "gross_return": -0.033937420359620545,
        "net_return": -0.034153948359620545,
        "side": "long",
        "symbol": "LINK-PERP",
        "weight": 0.30000000000000004
      },
      {
        "cost_return": 0.00036,
        "decision_id": "crypto_perp_funding_crowding_reversal_stateful_rebalance:e66a77195d8d41bc",
        "decision_time": "2025-03-10T13:21:00Z",
        "entry_time": "2025-03-10T13:22:00Z",
        "exit_reason": "max_hold",
        "exit_time": "2025-03-11T04:22:00Z",
        "funding_return": 0.000143472,
        "gross_return": -0.02927091547781205,
        "net_return": -0.02948744347781205,
        "side": "long",
        "symbol": "LINK-PERP",
        "weight": 0.30000000000000004
      },
      {
        "cost_return": 0.00036,
        "decision_id": "crypto_perp_funding_crowding_reversal_stateful_rebalance:27d077ebbb417638",
        "decision_time": "2025-03-10T08:21:00Z",
        "entry_time": "2025-03-10T08:22:00Z",
        "exit_reason": "max_hold",
        "exit_time": "2025-03-10T23:22:00Z",
        "funding_return": 6.983700000000002e-05,
        "gross_return": -0.027021428571428557,
        "net_return": -0.027311591571428557,
        "side": "long",
        "symbol": "LINK-PERP",
        "weight": 0.30000000000000004
      },
      {
        "cost_return": 0.00036,