{
  "artifact_profile": "diagnostic",
  "assessment_status": "quick_check_unverified",
  "by_direction": {
    "long": {
      "cost": 0.20735999999999957,
      "count": 576,
      "funding": 0.0011319270000000026,
      "gross": 1.651588433670171,
      "net": 1.4453603606701697
    }
  },
  "by_exit_reason": {
    "max_hold": {
      "cost": 0.20735999999999957,
      "count": 576,
      "funding": 0.0011319270000000026,
      "gross": 1.651588433670171,
      "net": 1.4453603606701697
    }
  },
  "by_symbol": {
    "ADA-PERP": {
      "cost": 0.10691999999999979,
      "count": 297,
      "funding": 0.0026304329999999997,
      "gross": 0.6842756724398401,
      "net": 0.5799861054398395
    },
    "DOGE-PERP": {
      "cost": 0.047879999999999916,
      "count": 133,
      "funding": -0.0006853770000000005,
      "gross": 0.6410791277377206,
      "net": 0.5925137507377205
    },
    "ETH-PERP": {
      "cost": 0.007200000000000001,
      "count": 20,
      "funding": -0.0005095980000000002,
      "gross": -0.003239012671364427,
      "net": -0.010948610671364423
    },
    "LINK-PERP": {
      "cost": 0.04535999999999992,
      "count": 126,
      "funding": -0.0003035310000000002,
      "gross": 0.32947264616397565,
      "net": 0.28380911516397567
    }
  },
  "concentration": {
    "top_5_losers_net": -0.14592231427443003,
    "top_5_winners_net": 0.19507341968501035,
    "top_loser_net": -0.03389909914540565,
    "top_winner_net": 0.042056589991081014
  },
  "cost_funding_breakdown": {
    "cost": 0.20736000000000002,
    "cost_fraction_of_abs_gross": 0.12555186012001984,
    "funding": 0.0011319269999999998,
    "gross": 1.6515884336701712,
    "net": 1.4453603606701713
  },
  "economic_slices": {
    "basis": "engine_trade_ledger",
    "by_direction": {
      "long": {
        "average_loss_net": -0.005491821082285781,
        "average_trade_net": 0.002509306181719047,
        "average_win_net": 0.008023279516150528,
        "count": 576,
        "flat_trade_count": 0,
        "hit_rate": 0.5920138888888888,
        "losing_trade_count": 235,
        "net_sum": 1.4453603606701713,
        "winning_trade_count": 341
      }
    },
    "by_exit_reason": {
      "max_hold": {
        "average_loss_net": -0.005491821082285781,
        "average_trade_net": 0.002509306181719047,
        "average_win_net": 0.008023279516150528,
        "count": 576,
        "flat_trade_count": 0,
        "hit_rate": 0.5920138888888888,
        "losing_trade_count": 235,
        "net_sum": 1.4453603606701713,
        "winning_trade_count": 341
      }
    },
    "by_symbol": {
      "ADA-PERP": {
        "average_loss_net": -0.004766224001612107,
        "average_trade_net": 0.00195281516983111,
        "average_win_net": 0.007784434073347863,
        "count": 297,
        "flat_trade_count": 0,
        "hit_rate": 0.5353535353535354,
        "losing_trade_count": 138,
        "net_sum": 0.5799861054398396,
        "winning_trade_count": 159
      },
      "DOGE-PERP": {
        "average_loss_net": -0.005533053173390539,
        "average_trade_net": 0.00445499060705053,
        "average_win_net": 0.008304549147428859,
        "count": 133,
        "flat_trade_count": 0,
        "hit_rate": 0.7218045112781954,
        "losing_trade_count": 37,
        "net_sum": 0.5925137507377205,
        "winning_trade_count": 96
      },
      "ETH-PERP": {
        "average_loss_net": -0.006823071753676915,
        "average_trade_net": -0.0005474305335682212,
        "average_win_net": 0.014095732313352066,
        "count": 20,
        "flat_trade_count": 0,
        "hit_rate": 0.3,
        "losing_trade_count": 14,
        "net_sum": -0.010948610671364423,
        "winning_trade_count": 6
      },
      "LINK-PERP": {
        "average_loss_net": -0.007230284133646981,
        "average_trade_net": 0.002252453294952187,
        "average_win_net": 0.007705027316396708,
        "count": 126,
        "flat_trade_count": 0,
        "hit_rate": 0.6349206349206349,
        "losing_trade_count": 46,
        "net_sum": 0.28380911516397556,
        "winning_trade_count": 80
      }
    },
    "schema_version": "quant_strategies.runner.economic_slices/v1",
    "win_loss_distribution": {
      "largest_loss_net": -0.03389909914540565,
      "largest_win_net": 0.042056589991081014,
      "median_trade_net": 0.001784059679489969,
      "sum_negative_net": -1.2905779543371585,
      "sum_positive_net": 2.73593831500733
    }
  },
  "evidence_quality": {
    "availability_coverage": {
      "field": "available_at",
      "fraction": 1.0,
      "present": 2203108,
      "total": 2203108
    },
    "candidate_probe_count": null,
    "causality_check": "off",
    "causality_verified": false,
    "data_availability_status": "complete",
    "deterministic_replay_verified": false,
    "elapsed_seconds": null,
    "emitted_replay_verified": false,
    "evidence_quality_warnings": [
      "causality_replay_skipped",
      "runner_causality_not_verified"
    ],
    "replay_scope": "off",
    "replay_warning": null,
    "row_contract": {
      "data_kind": "crypto_perp_funding",
      "duplicate_key_count": 0,
      "funding_event_missing_fields": {},
      "issue_count": 0,
      "issue_reasons": {},
      "issue_sample_count": 0,
      "issues": [],
      "issues_truncated": false,
      "missing_required_fields": {},
      "quant_data_feedback": [],
      "required_fields": [
        "symbol",
        "timestamp",
        "open",
        "high",
        "low",
        "close",
        "has_funding_event",
        "available_at"
      ],
      "status": "passed",
      "timestamp_status": "aware"
    },
    "selected_probe_count": null,
    "skipped_probe_count": 0,
    "skipped_probe_reasons": [],
    "strict_no_emission_verified": false,
    "strict_probe_count": null,
    "strict_probe_limit": null,
    "strict_replay_capped": false,
    "timed_out": false,
    "timeout_seconds": null
  },
  "holding_period": {
    "average_seconds": 40134.375,
    "count": 576,
    "max_seconds": 52200.0,
    "median_seconds": 28800.0,
    "min_seconds": 28800.0
  },
  "quick_checks": true,
  "replayable_from_artifacts": false,
  "sample_trades": {
    "largest_losers": [
      {
        "cost_return": 0.00036,
        "decision_id": "crypto_perp_funding_crowding_reversal_stateful_rebalance:f0689b490add1104",
        "decision_time": "2025-03-10T11:41:00Z",
        "entry_time": "2025-03-10T11:42:00Z",
        "exit_reason": "max_hold",
        "exit_time": "2025-03-11T02:12:00Z",
        "funding_return": 0.000143472,
        "gross_return": -0.03368257114540565,
        "net_return": -0.03389909914540565,
        "side": "long",
        "symbol": "LINK-PERP",
        "weight": 0.30000000000000004
      },
      {
        "cost_return": 0.00036,
        "decision_id": "crypto_perp_funding_crowding_reversal_stateful_rebalance:0e75e8cb4dbd654c",
        "decision_time": "2025-03-10T13:21:00Z",
        "entry_time": "2025-03-10T13:22:00Z",
        "exit_reason": "max_hold",
        "exit_time": "2025-03-11T03:52:00Z",
        "funding_return": 0.000143472,
        "gross_return": -0.03150763495591082,
        "net_return": -0.03172416295591082,
        "side": "long",
        "symbol": "LINK-PERP",
        "weight": 0.30000000000000004
      },
      {
        "cost_return": 0.00036,
        "decision_id": "crypto_perp_funding_crowding_reversal_stateful_rebalance:bc87962f37cf2c6b",
        "decision_time": "2025-03-10T08:01:00Z",
        "entry_time": "2025-03-10T08:02:00Z",
        "exit_reason": "max_hold",
        "exit_time": "2025-03-10T22:32:00Z",
        "funding_return": 6.983700000000002e-05,
        "gross_return": -0.028821146876998518,
        "net_return": -0.029111309876998517,
        "side": "long",
        "symbol": "LINK-PERP",
        "weight": 0.30000000000000004
      },
      {
        "cost_return": 0.00036,