{
  "artifact_profile": "diagnostic",
  "assessment_status": "quick_check_unverified",
  "by_direction": {
    "long": {
      "cost": 0.20735999999999957,
      "count": 576,
      "funding": 0.0011319270000000026,
      "gross": 1.6304328926283889,
      "net": 1.4242048196283874
    }
  },
  "by_exit_reason": {
    "max_hold": {
      "cost": 0.20735999999999957,
      "count": 576,
      "funding": 0.0011319270000000026,
      "gross": 1.6304328926283889,
      "net": 1.4242048196283874
    }
  },
  "by_symbol": {
    "ADA-PERP": {
      "cost": 0.10691999999999979,
      "count": 297,
      "funding": 0.0026304329999999997,
      "gross": 0.6842756724398401,
      "net": 0.5799861054398395
    },
    "DOGE-PERP": {
      "cost": 0.047879999999999916,
      "count": 133,
      "funding": -0.0006853770000000005,
      "gross": 0.6093329695193209,
      "net": 0.5607675925193208
    },
    "ETH-PERP": {
      "cost": 0.007200000000000001,
      "count": 20,
      "funding": -0.0005095980000000002,
      "gross": -0.007523494329369428,
      "net": -0.015233092329369414
    },
    "LINK-PERP": {
      "cost": 0.04535999999999992,
      "count": 126,
      "funding": -0.0003035310000000002,
      "gross": 0.3443477449985985,
      "net": 0.2986842139985983
    }
  },
  "concentration": {
    "top_5_losers_net": -0.1516009276766091,
    "top_5_winners_net": 0.19598154404590343,
    "top_loser_net": -0.035024683174854875,
    "top_winner_net": 0.042056589991081014
  },
  "cost_funding_breakdown": {
    "cost": 0.20736000000000002,
    "cost_fraction_of_abs_gross": 0.1271809474266181,
    "funding": 0.0011319269999999998,
    "gross": 1.6304328926283893,
    "net": 1.4242048196283894
  },
  "economic_slices": {
    "basis": "engine_trade_ledger",
    "by_direction": {
      "long": {
        "average_loss_net": -0.005449549744778147,
        "average_trade_net": 0.0024725778118548426,
        "average_win_net": 0.007932108532701624,
        "count": 576,
        "flat_trade_count": 0,
        "hit_rate": 0.5920138888888888,
        "losing_trade_count": 235,
        "net_sum": 1.4242048196283894,
        "winning_trade_count": 341
      }
    },
    "by_exit_reason": {
      "max_hold": {
        "average_loss_net": -0.005449549744778147,
        "average_trade_net": 0.0024725778118548426,
        "average_win_net": 0.007932108532701624,
        "count": 576,
        "flat_trade_count": 0,
        "hit_rate": 0.5920138888888888,
        "losing_trade_count": 235,
        "net_sum": 1.4242048196283894,
        "winning_trade_count": 341
      }
    },
    "by_symbol": {
      "ADA-PERP": {
        "average_loss_net": -0.004766224001612107,
        "average_trade_net": 0.00195281516983111,
        "average_win_net": 0.007784434073347863,
        "count": 297,
        "flat_trade_count": 0,
        "hit_rate": 0.5353535353535354,
        "losing_trade_count": 138,
        "net_sum": 0.5799861054398396,
        "winning_trade_count": 159
      },
      "DOGE-PERP": {
        "average_loss_net": -0.005650162670574154,
        "average_trade_net": 0.004216297688115193,
        "average_win_net": 0.008018995951360046,
        "count": 133,
        "flat_trade_count": 0,
        "hit_rate": 0.7218045112781954,
        "losing_trade_count": 37,
        "net_sum": 0.5607675925193207,
        "winning_trade_count": 96
      },
      "ETH-PERP": {
        "average_loss_net": -0.007302294632535339,
        "average_trade_net": -0.0007616546164684712,
        "average_win_net": 0.01449983875435422,
        "count": 20,
        "flat_trade_count": 0,
        "hit_rate": 0.3,
        "losing_trade_count": 14,
        "net_sum": -0.015233092329369423,
        "winning_trade_count": 6
      },
      "LINK-PERP": {
        "average_loss_net": -0.006774285524644682,
        "average_trade_net": 0.00237050963490951,
        "average_win_net": 0.007628766851653171,
        "count": 126,
        "flat_trade_count": 0,
        "hit_rate": 0.6349206349206349,
        "losing_trade_count": 46,
        "net_sum": 0.2986842139985983,
        "winning_trade_count": 80
      }
    },
    "schema_version": "quant_strategies.runner.economic_slices/v1",
    "win_loss_distribution": {
      "largest_loss_net": -0.035024683174854875,
      "largest_win_net": 0.042056589991081014,
      "median_trade_net": 0.0015668199612776318,
      "sum_negative_net": -1.2806441900228644,
      "sum_positive_net": 2.704849009651254
    }
  },
  "evidence_quality": {
    "availability_coverage": {
      "field": "available_at",
      "fraction": 1.0,
      "present": 2203108,
      "total": 2203108
    },
    "candidate_probe_count": null,
    "causality_check": "off",
    "causality_verified": false,
    "data_availability_status": "complete",
    "deterministic_replay_verified": false,
    "elapsed_seconds": null,
    "emitted_replay_verified": false,
    "evidence_quality_warnings": [
      "causality_replay_skipped",
      "runner_causality_not_verified"
    ],
    "replay_scope": "off",
    "replay_warning": null,
    "row_contract": {
      "data_kind": "crypto_perp_funding",
      "duplicate_key_count": 0,
      "funding_event_missing_fields": {},
      "issue_count": 0,
      "issue_reasons": {},
      "issue_sample_count": 0,
      "issues": [],
      "issues_truncated": false,
      "missing_required_fields": {},
      "quant_data_feedback": [],
      "required_fields": [
        "symbol",
        "timestamp",
        "open",
        "high",
        "low",
        "close",
        "has_funding_event",
        "available_at"
      ],
      "status": "passed",
      "timestamp_status": "aware"
    },
    "selected_probe_count": null,
    "skipped_probe_count": 0,
    "skipped_probe_reasons": [],
    "strict_no_emission_verified": false,
    "strict_probe_count": null,
    "strict_probe_limit": null,
    "strict_replay_capped": false,
    "timed_out": false,
    "timeout_seconds": null
  },
  "holding_period": {
    "average_seconds": 39698.4375,
    "count": 576,
    "max_seconds": 51300.0,
    "median_seconds": 28800.0,
    "min_seconds": 28800.0
  },
  "quick_checks": true,
  "replayable_from_artifacts": false,
  "sample_trades": {
    "largest_losers": [
      {
        "cost_return": 0.00036,
        "decision_id": "crypto_perp_funding_crowding_reversal_stateful_rebalance:b5333c985b222ff1",
        "decision_time": "2025-03-10T11:41:00Z",
        "entry_time": "2025-03-10T11:42:00Z",
        "exit_reason": "max_hold",
        "exit_time": "2025-03-11T01:57:00Z",
        "funding_return": 0.000143472,
        "gross_return": -0.034808155174854874,
        "net_return": -0.035024683174854875,
        "side": "long",
        "symbol": "LINK-PERP",
        "weight": 0.30000000000000004
      },
      {
        "cost_return": 0.00036,
        "decision_id": "crypto_perp_funding_crowding_reversal_stateful_rebalance:f8058bb02ecc2127",
        "decision_time": "2025-03-10T13:21:00Z",
        "entry_time": "2025-03-10T13:22:00Z",
        "exit_reason": "max_hold",
        "exit_time": "2025-03-11T03:37:00Z",
        "funding_return": 0.000143472,
        "gross_return": -0.03045379597103736,
        "net_return": -0.03067032397103736,
        "side": "long",
        "symbol": "LINK-PERP",
        "weight": 0.30000000000000004
      },
      {
        "cost_return": 0.00036,
        "decision_id": "crypto_perp_funding_crowding_reversal_stateful_rebalance:d3bd311b03a3d2c1",
        "decision_time": "2025-10-13T23:21:00Z",
        "entry_time": "2025-10-13T23:22:00Z",
        "exit_reason": "max_hold",
        "exit_time": "2025-10-14T13:37:00Z",
        "funding_return": -4.464900000000001e-05,
        "gross_return": -0.028991655400680622,
        "net_return": -0.029396304400680622,
        "side": "long",
        "symbol": "DOGE-PERP",
        "weight": 0.30000000000000004
      },
      {
        "cost_return": 0.00036,