{
  "artifact_profile": "diagnostic",
  "assessment_status": "quick_check_unverified",
  "by_direction": {
    "long": {
      "cost": 0.20483999999999958,
      "count": 569,
      "funding": 0.0028526159999999997,
      "gross": 1.293538188232389,
      "net": 1.0915508042323898
    }
  },
  "by_exit_reason": {
    "max_hold": {
      "cost": 0.20483999999999958,
      "count": 569,
      "funding": 0.0028526159999999997,
      "gross": 1.293538188232389,
      "net": 1.0915508042323898
    }
  },
  "by_symbol": {
    "ADA-PERP": {
      "cost": 0.11519999999999977,
      "count": 320,
      "funding": 0.003097251,
      "gross": 0.6908611915289309,
      "net": 0.5787584425289303
    },
    "DOGE-PERP": {
      "cost": 0.04283999999999993,
      "count": 119,
      "funding": -0.00020478000000000008,
      "gross": 0.38049927348471974,
      "net": 0.33745449348471984
    },
    "ETH-PERP": {
      "cost": 0.00432,
      "count": 12,
      "funding": -0.000132999,
      "gross": -0.009282007919458064,
      "net": -0.013735006919458064
    },
    "LINK-PERP": {
      "cost": 0.04247999999999993,
      "count": 118,
      "funding": 9.314399999999904e-05,
      "gross": 0.23145973113819696,
      "net": 0.18907287513819696
    }
  },
  "concentration": {
    "top_5_losers_net": -0.11409972658874303,
    "top_5_winners_net": 0.19478831446636713,
    "top_loser_net": -0.027813878135211658,
    "top_winner_net": 0.042056589991081014
  },
  "cost_funding_breakdown": {
    "cost": 0.20484000000000002,
    "cost_fraction_of_abs_gross": 0.1583563607657478,
    "funding": 0.002852616,
    "gross": 1.2935381882323893,
    "net": 1.0915508042323894
  },
  "economic_slices": {
    "basis": "engine_trade_ledger",
    "by_direction": {
      "long": {
        "average_loss_net": -0.005083045461143134,
        "average_trade_net": 0.0019183669670165015,
        "average_win_net": 0.006989086877107874,
        "count": 569,
        "flat_trade_count": 0,
        "hit_rate": 0.5799648506151143,
        "losing_trade_count": 239,
        "net_sum": 1.0915508042323894,
        "winning_trade_count": 330
      }
    },
    "by_exit_reason": {
      "max_hold": {
        "average_loss_net": -0.005083045461143134,
        "average_trade_net": 0.0019183669670165015,
        "average_win_net": 0.006989086877107874,
        "count": 569,
        "flat_trade_count": 0,
        "hit_rate": 0.5799648506151143,
        "losing_trade_count": 239,
        "net_sum": 1.0915508042323894,
        "winning_trade_count": 330
      }
    },
    "by_symbol": {
      "ADA-PERP": {
        "average_loss_net": -0.004820844850542204,
        "average_trade_net": 0.0018086201329029082,
        "average_win_net": 0.007731988254205937,
        "count": 320,
        "flat_trade_count": 0,
        "hit_rate": 0.528125,
        "losing_trade_count": 151,
        "net_sum": 0.5787584425289306,
        "winning_trade_count": 169
      },
      "DOGE-PERP": {
        "average_loss_net": -0.0052839826185382115,
        "average_trade_net": 0.0028357520460900827,
        "average_win_net": 0.006794122695096376,
        "count": 119,
        "flat_trade_count": 0,
        "hit_rate": 0.6722689075630253,
        "losing_trade_count": 39,
        "net_sum": 0.33745449348471984,
        "winning_trade_count": 80
      },
      "ETH-PERP": {
        "average_loss_net": -0.003738194713613855,
        "average_trade_net": -0.0011445839099548387,
        "average_win_net": 0.002486471215167784,
        "count": 12,
        "flat_trade_count": 0,
        "hit_rate": 0.4166666666666667,
        "losing_trade_count": 7,
        "net_sum": -0.013735006919458064,
        "winning_trade_count": 5
      },
      "LINK-PERP": {
        "average_loss_net": -0.006063276372929733,
        "average_trade_net": 0.001602312501171161,
        "average_win_net": 0.0058385589842269185,
        "count": 118,
        "flat_trade_count": 0,
        "hit_rate": 0.6440677966101694,
        "losing_trade_count": 42,
        "net_sum": 0.189072875138197,
        "winning_trade_count": 76
      }
    },
    "schema_version": "quant_strategies.runner.economic_slices/v1",
    "win_loss_distribution": {
      "largest_loss_net": -0.027813878135211658,
      "largest_win_net": 0.042056589991081014,
      "median_trade_net": 0.0011161615700593197,
      "sum_negative_net": -1.2148478652132089,
      "sum_positive_net": 2.3063986694455982
    }
  },
  "evidence_quality": {
    "availability_coverage": {
      "field": "available_at",
      "fraction": 1.0,
      "present": 2203108,
      "total": 2203108
    },
    "causality_check": "off",
    "causality_verified": false,
    "data_availability_status": "complete",
    "deterministic_replay_verified": false,
    "emitted_replay_verified": false,
    "evidence_quality_warnings": [
      "causality_replay_skipped",
      "runner_causality_not_verified"
    ],
    "row_contract": {
      "data_kind": "crypto_perp_funding",
      "duplicate_key_count": 0,
      "funding_event_missing_fields": {},
      "issue_count": 0,
      "issue_reasons": {},
      "issue_sample_count": 0,
      "issues": [],
      "issues_truncated": false,
      "missing_required_fields": {},
      "quant_data_feedback": [],
      "required_fields": [
        "symbol",
        "timestamp",
        "open",
        "high",
        "low",
        "close",
        "has_funding_event",
        "available_at"
      ],
      "status": "passed",
      "timestamp_status": "aware"
    },
    "skipped_probe_count": 0,
    "skipped_probe_reasons": [],
    "strict_no_emission_verified": false,
    "strict_probe_count": null,
    "strict_probe_limit": null,
    "strict_replay_capped": false
  },
  "holding_period": {
    "average_seconds": 28800.0,
    "count": 569,
    "max_seconds": 28800.0,
    "median_seconds": 28800.0,
    "min_seconds": 28800.0
  },
  "quick_checks": true,
  "replayable_from_artifacts": false,
  "sample_trades": {
    "largest_losers": [
      {
        "cost_return": 0.00036,
        "decision_id": "crypto_perp_funding_crowding_reversal_stateful_rebalance:2c9d57f7a0c23424",
        "decision_time": "2025-03-10T11:41:00Z",
        "entry_time": "2025-03-10T11:42:00Z",
        "exit_reason": "max_hold",
        "exit_time": "2025-03-10T19:42:00Z",
        "funding_return": 6.983700000000002e-05,
        "gross_return": -0.02752371513521166,
        "net_return": -0.027813878135211658,
        "side": "long",
        "symbol": "LINK-PERP",
        "weight": 0.30000000000000004
      },
      {
        "cost_return": 0.00036,
        "decision_id": "crypto_perp_funding_crowding_reversal_stateful_rebalance:8016dfdfc3a1a9d7",
        "decision_time": "2025-03-10T11:41:00Z",
        "entry_time": "2025-03-10T11:42:00Z",
        "exit_reason": "max_hold",
        "exit_time": "2025-03-10T19:42:00Z",
        "funding_return": 2.9949000000000004e-05,
        "gross_return": -0.024210385438972176,
        "net_return": -0.024540436438972173,
        "side": "long",
        "symbol": "ADA-PERP",
        "weight": 0.30000000000000004
      },
      {
        "cost_return": 0.00036,
        "decision_id": "crypto_perp_funding_crowding_reversal_stateful_rebalance:2078bb1f4b4e54e3",
        "decision_time": "2025-10-13T23:21:00Z",
        "entry_time": "2025-10-13T23:22:00Z",
        "exit_reason": "max_hold",
        "exit_time": "2025-10-14T07:22:00Z",
        "funding_return": -1.8465000000000004e-05,
        "gross_return": -0.022166798750641006,
        "net_return": -0.022545263750641004,
        "side": "long",
        "symbol": "DOGE-PERP",
        "weight": 0.30000000000000004
      },
      {
        "cost_return": 0.00036,
        "decision_id": "crypto_perp_funding_crowding_reversal_stateful_rebalance:6dd6a77e0c4bd0c1",
        "decision_time": "2025-10-13T23:21:00Z",
        "entry_time": "2025-10-13T23:22:00Z",
        "exit_reason": "max_hold",
        "exit_time": "2025-10-14T07:22:00Z",