{
  "artifact_profile": "diagnostic",
  "assessment_status": "quick_check_failed",
  "by_direction": {
    "long": {
      "cost": 0.18671999999999822,
      "count": 778,
      "funding": 0.000217841999999998,
      "gross": 0.04849578534459037,
      "net": -0.1380063726554096
    }
  },
  "by_exit_reason": {
    "max_hold": {
      "cost": 0.03647999999999999,
      "count": 152,
      "funding": 0.0004063280000000002,
      "gross": 0.08496219938635426,
      "net": 0.048888527386354276
    },
    "trailing_stop": {
      "cost": 0.1502399999999997,
      "count": 626,
      "funding": -0.00018848599999999986,
      "gross": -0.03646641404176387,
      "net": -0.18689490004176385
    }
  },
  "by_symbol": {
    "ADA-PERP": {
      "cost": 0.09048000000000016,
      "count": 377,
      "funding": 0.0003678119999999983,
      "gross": -0.06428204576001943,
      "net": -0.1543942337600194
    },
    "BTC-PERP": {
      "cost": 0.01824000000000002,
      "count": 76,
      "funding": 3.2868e-05,
      "gross": -0.0032479646642539313,
      "net": -0.02145509666425393
    },
    "DOGE-PERP": {
      "cost": 0.036959999999999986,
      "count": 154,
      "funding": 2.9941999999999972e-05,
      "gross": 0.07498839883362,
      "net": 0.03805834083361998
    },
    "ETH-PERP": {
      "cost": 0.005759999999999996,
      "count": 24,
      "funding": -1.598e-05,
      "gross": -0.003082698684923997,
      "net": -0.008858678684923996
    },
    "LINK-PERP": {
      "cost": 0.035280000000000006,
      "count": 147,
      "funding": -0.00019679999999999993,
      "gross": 0.04412009562016767,
      "net": 0.008643295620167687
    }
  },
  "concentration": {
    "top_5_losers_net": -0.06396970211807106,
    "top_5_winners_net": 0.06535837395262109,
    "top_loser_net": -0.014492621028053508,
    "top_winner_net": 0.014726338684619387
  },
  "cost_funding_breakdown": {
    "cost": 0.18672,
    "cost_fraction_of_abs_gross": 3.8502314927626693,
    "funding": 0.000217842,
    "gross": 0.04849578534459033,
    "net": -0.13800637265540963
  },
  "economic_slices": {
    "basis": "engine_trade_ledger",
    "by_direction": {
      "long": {
        "average_loss_net": -0.0018385908009646127,
        "average_trade_net": -0.00017738608310463962,
        "average_win_net": 0.002498379905394646,
        "count": 778,
        "flat_trade_count": 0,
        "hit_rate": 0.38303341902313626,
        "losing_trade_count": 480,
        "net_sum": -0.13800637265540963,
        "winning_trade_count": 298
      }
    },
    "by_exit_reason": {
      "max_hold": {
        "average_loss_net": -0.003071810985699574,
        "average_trade_net": 0.0003216350485944358,
        "average_win_net": 0.0026593423166636427,
        "count": 152,
        "flat_trade_count": 0,
        "hit_rate": 0.5921052631578947,
        "losing_trade_count": 62,
        "net_sum": 0.04888852738635424,
        "winning_trade_count": 90
      },
      "trailing_stop": {
        "average_loss_net": -0.0016556729745206712,
        "average_trade_net": -0.0002985541534213481,
        "average_win_net": 0.002428732708210946,
        "count": 626,
        "flat_trade_count": 0,
        "hit_rate": 0.33226837060702874,
        "losing_trade_count": 418,
        "net_sum": -0.1868949000417639,
        "winning_trade_count": 208
      }
    },
    "by_symbol": {
      "ADA-PERP": {
        "average_loss_net": -0.0020102029046940436,
        "average_trade_net": -0.0004095337765517756,
        "average_win_net": 0.00223946090734564,
        "count": 377,
        "flat_trade_count": 0,
        "hit_rate": 0.376657824933687,
        "losing_trade_count": 235,
        "net_sum": -0.1543942337600194,
        "winning_trade_count": 142
      },
      "BTC-PERP": {
        "average_loss_net": -0.0012041149327717798,
        "average_trade_net": -0.0002823039034770254,
        "average_win_net": 0.0014904096143975019,
        "count": 76,
        "flat_trade_count": 0,
        "hit_rate": 0.34210526315789475,
        "losing_trade_count": 50,
        "net_sum": -0.021455096664253933,
        "winning_trade_count": 26
      },
      "DOGE-PERP": {
        "average_loss_net": -0.0018049950792027745,
        "average_trade_net": 0.0002471320833351948,
        "average_win_net": 0.0035514046331844677,
        "count": 154,
        "flat_trade_count": 0,
        "hit_rate": 0.38311688311688313,
        "losing_trade_count": 95,
        "net_sum": 0.03805834083362,
        "winning_trade_count": 59
      },
      "ETH-PERP": {
        "average_loss_net": -0.0013581618115251876,
        "average_trade_net": -0.0003691116118718332,
        "average_win_net": 0.0016089887874348755,
        "count": 24,
        "flat_trade_count": 0,
        "hit_rate": 0.3333333333333333,
        "losing_trade_count": 16,
        "net_sum": -0.008858678684923996,
        "winning_trade_count": 8
      },
      "LINK-PERP": {
        "average_loss_net": -0.0018656551632459319,
        "average_trade_net": 5.879792938889577e-05,
        "average_win_net": 0.0026247353862353328,
        "count": 147,
        "flat_trade_count": 0,
        "hit_rate": 0.42857142857142855,
        "losing_trade_count": 84,
        "net_sum": 0.008643295620167678,
        "winning_trade_count": 63
      }
    },
    "schema_version": "quant_strategies.runner.economic_slices/v1",
    "win_loss_distribution": {
      "largest_loss_net": -0.014492621028053508,
      "largest_win_net": 0.014726338684619387,
      "median_trade_net": -0.0006536002468359755,
      "sum_negative_net": -0.8825235844630142,
      "sum_positive_net": 0.7445172118076046
    }
  },
  "evidence_quality": {
    "availability_coverage": {
      "field": "available_at",
      "fraction": 1.0,
      "present": 2203108,
      "total": 2203108
    },
    "causality_check": "off",
    "causality_verified": false,
    "data_availability_status": "complete",
    "deterministic_replay_verified": false,
    "emitted_replay_verified": false,
    "evidence_quality_warnings": [
      "causality_replay_skipped",
      "runner_causality_not_verified"
    ],
    "row_contract": {
      "data_kind": "crypto_perp_funding",
      "duplicate_key_count": 0,
      "funding_event_missing_fields": {},
      "issue_count": 0,
      "issue_reasons": {},
      "issue_sample_count": 0,
      "issues": [],
      "issues_truncated": false,
      "missing_required_fields": {},
      "quant_data_feedback": [],
      "required_fields": [
        "symbol",
        "timestamp",
        "open",
        "high",
        "low",
        "close",
        "has_funding_event",
        "available_at"
      ],
      "status": "passed",
      "timestamp_status": "aware"
    },
    "skipped_probe_count": 0,
    "skipped_probe_reasons": [],
    "strict_no_emission_verified": false,
    "strict_probe_count": null,
    "strict_probe_limit": null,
    "strict_replay_capped": false
  },
  "holding_period": {
    "average_seconds": 13767.840616966581,
    "count": 778,
    "max_seconds": 28800.0,
    "median_seconds": 10800.0,
    "min_seconds": 240.0
  },
  "quick_checks": true,
  "replayable_from_artifacts": false,
  "sample_trades": {
    "largest_losers": [
      {
        "cost_return": 0.00023999999999999998,
        "decision_id": "crypto_perp_funding_crowding_reversal_stateful_rebalance:381c2f97040c4075",
        "decision_time": "2025-12-10T21:01:00Z",
        "entry_time": "2025-12-10T21:02:00Z",
        "exit_reason": "max_hold",
        "exit_time": "2025-12-11T05:02:00Z",
        "funding_return": -1.0066000000000002e-05,
        "gross_return": -0.014242555028053508,
        "net_return": -0.014492621028053508,
        "side": "long",
        "symbol": "ADA-PERP",
        "weight": 0.2
      },
      {
        "cost_return": 0.00023999999999999998,
        "decision_id": "crypto_perp_funding_crowding_reversal_stateful_rebalance:956fc445d559a2cc",
        "decision_time": "2025-03-09T12:01:00Z",